Colleen,F
Chrisoula,F
Marland,F
Andrea,F
Janet,F
Sheryl,F
Karen,F
Jinnie,F
Hye,F
Betty,F
Jackie,F
Kathy,F
Lori,F
Jennifer,F
Grace,F
Keyuri,F
Junting,F
Natalie,F
Lauren,F
Hidy,F
Robyn,F
Malacia,F
Julie,F
Ellen,F
Yi-Wen Julie,F
Amanda,F
Yulie,F
Jean,F
Kate,F
Helene,F
Candice,F
Ripple,F
Sima,F
Marlene,F
Sherri,F
Amy,F
Kenla,F
Laura,F
Sophia,F
Shana,F
Arpi,F
Wendy,F
Kristine,F
Lindsay,F
Yang,F
Johanne,F
Mylene,F
Lora,F
Jooyoung,F
Suhani,F
Joyce,F
Nisha,F
Maureen,F
Mimi,F
Polly,F
Liza,F
Seetal,F
Sunny,F
Christina,F
Kai Ying,F
Elaine,F
Peter,F
Carly,F
Shiroma,F
Anne,F
Shannon,F
Naoko,F
Shari,F
Maxine,F
Kristen,F
Rita,F
Geena,F
Noelle,F
Sydney,F
Vivian,F
Rumi,F
Hiroko,F
Deirdre,F
Sonja,F
Odette,F
Sejal,F
Anna,F
Michelle,F
Fatmata,F
Marta,F
Maria,F
Iwona,F
Rachel,F
Hazel,F
Preeti,F
Virginia,F
Melanie,F
Angela,F
Shi Tsyr,F
Tina,F
Vicki,F
Samantha Rose,F
Andronicou,F
Jessica,F
Suetmui,F
Loyda,F
Alma,F
Danette,F
Patty,F
Medenekia,F
Rosario,F
Qiong Mei,F
Erica,F
Flora,F
Shelley,F
Heidi,F
Monica,F
Celine,F
Nancy,F
Idiatu,F
Genny,F
Mercy,F
Diva,F
Trudy,F
Maryanne,F
Elyse,F
Rose,F
Sandhya,F
Linda,F
Anita,F
Liliana,F
Abeba,F
Teresa,F
Isabela,F
Hilary,F
Paula,F
Gloria,F
Matina,F
Kathleen,F
Tracy,F
Nadege,F
Anelis,F
Eulalia,F
Rosa,F
Evelyn,F
Julianna,F
Wynelle,F
Adrina,F
Wanda,F
Maggie,F
Bettina,F
Lidia,F
Francesca,F
Miriam,F
Dagni,F
Polonia,F
Amparo,F
Sofia,F
Somayya,F
Purvang,F
Constance,F
Alicia,F
Xiu Zi,F
Efua,F
Valerie,F
Jodi,F
Blanca,F
Laurin,F
Jean Margo,F
Judy,F
Chantel,F
Jaye,F
Theresa,F
Stacey,F
Cheryl,F
Caitlin,F
Christine,F
Marie,F
Ruth Miranda,F
Hyunsuk (Sue),F
Cindy,F
Barbara,F
Carmen,F
Shalini,F
Lucelly,F
Mira,F
Yumy,F
Courtney,F
Bethzaida,F
Luz,F
Regina,F
Marina,F
Santa,F
Haydee,F
Xhemile,F
Lucero,F
Gabriel,F
Tammy,F
Brenda,F
Mel,F
Lucy,F
Kuan-Lei,F
Eillen,F
Subha,F
Mami,F
Brian,F
Eshan,F
Jameisha,F
Jinglu,F
Ramona,F
Marika,F
Sharon,F
Alison,F
Svetlana,F
Mary,F
Elina,F
Becky,F
Nicole,F
Velveta,F
Deborah,F
Ainka,F
Suzanne,F
Raymond,F
Francis,F
Carole,F
Mike,F
Savannah,F
Amrita,F
Jannett,F
Mallory,F
Nidia,F
Sung,F
Syndi,F
Maurreen,F
Holly,F
Margarita,F
Carlie,F
Yook Nam,F
Deuk Youn,F
Ariana,F
Collette,F
Viergi,F
Yres,F
Pauline,F
Lisa,F
Nicola,F
Julia,F
Alisha,F
Refilwe,F
Katelyn,F
Jenny,F
Toni,F
Jess,F
Kristina,F
Natalia,F
Toyin,F
Konewecka,F
Lynn,F
Veronica,F
Jacqui,F
Madeline,F
Susanna,F
Ada,F
Miao,F
Ana,F
Treasure,F
Stephanie,F
Rosemary,F
Elisabeth,F
January,F
Kirsty,F
Oluwatoyin,F
Doris,F
Abigail,F
Judith,F
Juana,F
Graciela,F
Yesenia,F
Priyanka,F
Mdm Er Siok,F
Yutaka,F
Rie,F
Tendai,F
Corina,F
Irene,F
Liz,F
Nutchana,F
Dickins,F
Victoria,F
Val,F
Jevtic,F
Penny,F
Yvonne,F
Terri,F
Elsie,F
Irena,F
Tessa,F
Gaudi,F
Samantha,F
Asavari,F
May,F
Xing Ru,F
Stacy,F
Patricia,F
Gladis,F
Vilma,F
Rosabela,F
Edy,F
Diana,F
Mildred,F
Roza,F
Lindsey,F
Mdm Chin Poh,F
Yi,F
Eunsook,F
Nan,F
Heather,F
Alexandra,F
Maura,F
Payal,F
Sylvie,F
Andi,F
Sara,F
Marianna,F
Luise,F
Yulinda,F
Yaney,F
Martha,F
Cristina,F
Elizabeth,F
Megan,F
Sandra,F
Shaneka,F
Margery,F
Ralica,F
Tiffany,F
Millie,F
Jayea,F
Kerrie,F
Adelina,F
Gillian,F
Ankita,F
Zeta,F
Nasreen,F
Emily,F
Kim,F
Biana,F
Antje,F
Melissa,F
Catherine,F
Shanshan,F
Eimear,F
Katia-Fiestas,F
Galiya,F
Charisse,F
Claudia,F
Shelly,F
Rattiya,F
Pornrudee,F
Chulaluck,F
Sarah,F
Katharine,F
Isabel,F
Sarit,F
Mei,F
Jaime E.,F
Joanna,F
Anshu,F
Shreeja,F
Nitya,F
Kiran,F
Hannah,F
Brittany,F
Mercedes,F
Margaret,F
Suzy,F
Maya,F
Surekha,F
Barrie,F
Chenay,F
Rosalina,F
Katherine,F
Dayala,F
Katy,F
Tarek,F
Henrietta,F
Sefika,F
Jelena,F
Fazilet,F
Verica,F
Nadine,F
Tia,F
Nicanor,F
Conchita,F
Zelpher,F
Fran,F
Tracey,F
Mdm Mary Loh Pow,F
Kaja,F
Elida,F
Roshenna,F
Keli,F
Sirisha,F
Annabet,F
Jaime,F
Izabela,F
Bryony,F
Malah,F
Halus Bte,F
Faineh,F
Sonia,F
Katarzyna,F
Ava,F
Celeste,F
Priya,F
Chua Geok,F
Meredith,F
Daniela,F
Melinda,F
Gwen,F
Marian,F
Shanti,F
Nirmala,F
Maryna,F
Lamry,F
Tan Foon,F
Joan,F
Stacie,F
Cynthia,F
Mia,F
Paulina,F
Rasa,F
Govindan,F
Megha,F
Fatou,F
Rebecca,F
Cecilia,F
Jamie,F
Peace,F
Fanny,F
Oh Moi,F
Evlalia,F
Nilusha,F
Patrica,F
Nora,F
Ou,F
Zeng,F
Tam,F
Cao,F
Ethel,F
Charity,F
Leah,F
Hassanatu,F
Sommie,F
Dalia,F
Meaghan,F
Esa,F
Kanwal,F
Kristyn,F
Vargas,F
Aiko,F
Fatima,F
Alaa,F
Tanu,F
Allia,F
Chatara,F
Yana,F
Mary Elizabeth,F
Natasha,F
Paris,F
Susan,F
Leslie,F
Aditya,F
Agius,F
Asta,F
Liana,F
Corey,F
Laurell,F
Chi Hui Yang,F
Sanda,F
Donna,F
Jayne,F
Dunny,F
Maida,F
Celia,F
Caecilia,F
Mhairi,F
Pooja,F
Meghan,F
Irmgard,F
Ruth,F
Lana,F
Sukumaran,F
Enrique,F
Alexa,F
Carla,F
Jeaneth,F
Michele,F
Susie,F
Kimberly,F
Louise,F
Alena,F
Krysta,F
Adelaide,F
Amita,F
Debora,F
Jurinah,F
Lola,F
Jetta,F
Pamela,F
Belmira,F
Nathania,F
Rochelle,F
Veronique,F
Majlinda,F
Mi-Siu,F
Tara,F
Colette,F
Mery,F
Pier,F
Brianna,F
Nicolette,F
Rosanna,F
Sally,F
Debbie,F
Adrienne,F
Shati,F
Allison,F
Jaya,F
Annette,F
Neelima,F
Alli,F
Zophia,F
Isa,F
Ingrid,F
Mei Kun,F
Marion,F
Charlotte,F
Christiana,F
Xuehua,F
Attila,F
Jihye,F
Erin,F
Jekatarina,F
Oksana,F
Omotola,F
Kerry,F
Emma,F
Hamida,F
Kasia,F
Guntaka,F
Eva,F
Katie,F
Cora,F
Lilia,F
Malgorzata,F
Mary Anne,F
Olga,F
Lydia,F
Eilene,F
Emmanuella,F
Tokuko,F
Masayo,F
Kyoko,F
Yoshie,F
Shidui,F
Tomie,F
Hatsue,F
Immy,F
Eileen,F
Cathy,F
Sabine,F
Marcela,F
Aida,F
Jaiwanti,F
Adalina,F
Cary,F
Roberta,F
Ines,F
Tamara,F
Sumin,F
Florence,F
Cheung-Kiu,F
Molly,F
Bridget,F
Lucia,F
Omolola,F
Hui,F
Simone,F
Viktoria,F
Wenling,F
Axelle,F
Duffus,F
Iris,F
Kristel,F
Claudine,F
Arodi,F
Vanessa,F
Maryidres,F
Moonjung,F
Sonia N,F
Corinne,F
Nichole,F
Jules,F
Shanice,F
Omolara,F
Arnima,F
Krupa,F
Sylvia,F
Chelsea,F
Zdravka,F
Lauren May,F
Aditi,F
Justyna,F
Mengchen,F
Halima,F
Katka,F
Janine,F
Xia Fang,F
Jerrica,F
Mandy,F
Sierra,F
Janice,F
Yudi,F
Asha,F
Pushpa,F
Fadi,F
Jodie,F
Araceli,F
Agnes,F
Caroline,F
Jing Li,F
Moana Ketepunga,F
Talia,F
Helen,F
Petra,F
Chan,F
Freya,F
Kwan,F
Fanta,F
Neha,F
Athena,F
Preeya,F
Dipika,F
Sabrina,F
Manjari,F
Kathryn,F
Jillian,F
Sunyoung,F
Aashna,F
Marionii,F
Shakeda,F
Ann,F
Jing,F
Annabel,F
Audrey,F
Majlanda,F
Jocelyn,F
Palak,F
Taran Preet,F
Baby,F
Reeta,F
Maryann,F
Shih-Ting,F
Anushka,F
Chun-Yi,F
Haley,F
Nancey,F
Delisa,F
Daniel,F
Franca,F
Meghana,F
Alexis,F
Rasheedah,F
Annie,F
Jeannette,F
Marilyn,F
Denise,F
Carol,F
Anna Maria,F
Gail,F
Mary Ann,F
Vera,F
Ashley,F
Betsy,F
Junhua,F
Paulette,F
Lynette,F
Dee,F
Clair,F
Marietta,F
Dianna,F
Melody,F
Wai,F
Gretchen,F
Kara,F
Tonya,F
Christin,F
Sherry,F
Debra,F
Purvi,F
Marjorie,F
Ann-Marie,F
Sandy,F
Hahang,F
Lesley,F
Nathalie,F
Josephine,F
Naira,F
Dawn,F
Cheri,F
Joanne,F
Mary Ruth,F
Jolly,F
Nadyne,F
Xhevaire,F
Julianne,F
Sakinah,F
Laurie,F
Raquel,F
Robin,F
Jeanne,F
Claire,F
M,F
Editht,F
Lavonya,F
Jacqueline,F
Bonnie,F
Lynne,F
Irina,F
Carmella,F
Kristan,F
Tram,F
Lois,F
Shauna,F
Ai Peng,F
Natascha,F
Suk,F
Silvia,F
Eleanor,F
Sushmita,F
Kristi,F
Malini,F
Christel,F
Sean,F
Michael,F
Scott,F
Dyann,F
Evan,F
Amit,F
Adam,F
Gary,F
Beverly,F
David,F
Marie-Claire,F
Darman,F
Steven,F
Miren,F
Diane,F
Joy,F
Rhonda,F
C,F
Cameron,F
Thomas,F
Carl,F
Brooke,F
James,F
Bruce,F
Christopher,F
Jeffrey,F
Jill,F
William,F
Paul,F
Juan,F
John,F
Mario,F
Kevin,F
Twyla,F
Marcella,F
Charlene,F
Bryn,F
Tobi,F
Katrin,F
Frances,F
Hana,F
Alice,F
Marcia,F
Jeanine,F
Jeannie,F
Nelly,F
Marla,F
Dana,F
Adeline,F
Ella,F
Minerva,F
Blair,F
Tasha,F
Camilla,F
Janette,F
Delores,F
Eberly,F
Valarie,F
Marianne,F
Marge,F
Myra,F
Beth,F
F.,F
Melvina,F
Cassie,F
Christelle,F
Alida,F
Eve,F
Amreeta,F
Alejandra,F
Ayesha,F
Aastha,F
Aakanksha,F
Les,F
Linsey,F
Marnie,F
Mari-Jane,F
Afua,F
Ashleigh,F
Aisha,F
Anya,F
Ashna,F
Archana,F
Akshaya,F
Aili,F
Iman,F
Anni,F
Yuki,F
Anchal,F
Arundhati,F
Amandeep,F
Ana Christa,F
Bola,F
June,F
Aileen,F
Alexandria,F
Anastasia,F
Aga,F
Adrian,F
Anil,F
Arun,F
Annamarie,F
Anny,F
Anddria,F
April,F
Antonella,F
Allene,F
Anne-Marie,F
Anusha,F
Alessandra,F
Annet,F
Cushla,F
Sita,F
Shola,F
Annacarla,F
Adelena,F
Ami,F
Adity,F
Adrianne,F
Antoinette,F
Adina,F
Angie,F
Amber,F
Antonia,F
Astrid,F
Atsuko,F
Ailyn,F
Sandi,F
Rouela,F
Allyson,F
Avni,F
Anneline,F
Amruta,F
Alex,F
Anh,F
Alyssa,F
Alissa,F
Aimee,F
Ashwini,F
Aleca,F
Anshula,F
Asma,F
Akansha,F
Ai,F
Ashneet,F
Noele,F
Atila,F
Akanksha,F
Akiko,F
Akiti,F
Akhila,F
Anja,F
Akie,F
Aya,F
Ewa,F
Alexei,F
Abhilasha,F
Alyse,F
Ainsley,F
Ally,F
Allie,F
Alicha,F
Austina,F
Norah,F
Adriana,F
Audi,F
Awilda,F
Ariella,F
Alla,F
Amee,F
Adele,F
Amika,F
Abiola,F
Ayako,F
Iratxe,F
Ariadne,F
Ananya,F
Asumi,F
Anabel,F
Arpita,F
Suzanna,F
Anju,F
Anoushka,F
Ngan,F
Alina,F
Gabriela,F
Anunaya,F
Arlene,F
Hidemi,F
Aisling,F
Ankur,F
Alba,F
Ambika,F
Anjali,F
Angelina,F
Avril,F
Anelia,F
Aparna,F
Lotus,F
Isavella,F
Hitomi,F
Arti,F
Apoorva,F
Anisah,F
Ayelet,F
Amanpreet,F
Ashleyalexandra,F
Anna Rachelle,F
Gael,F
Jesi-An,F
Anna-Claire,F
Mansi,F
Ann Marie,F
Aaruchi,F
Ashima,F
Anna Marie,F
Natsuki,F
Aldona,F
Apu,F
Aiste,F
Arushi,F
Analiezl,F
Aneta,F
Anitha,F
Ria,F
Avanti,F
Aju,F
Amelia,F
Awoye,F
Pannee,F
Firouzeh,F
Averil,F
Annika,F
Arielle,F
Asako,F
Ashwita,F
Aynur,F
Ayo,F
Afreen,F
Luisa,F
Ania,F
Mariam,F
Shirley,F
Letty,F
Riza,F
Aliyah,F
Nina,F
Anisha,F
Tetsuya,F
Kitty,F
Winnie,F
Meymona,F
Norma,F
Monique,F
Rosalie,F
Pam,F
Kelly,F
Jeanette,F
Lotta,F
Sinee,F
Zhendi,F
Vinita,F
Suriyaprabha,F
Britta,F
Boskey,F
Barb,F
Elise,F
Bincy,F
Bhasha,F
Bianca,F
Bijal,F
Bobbie,F
Beatriz,F
Breonie,F
Bernice,F
Sue,F
Khaoula,F
Dale,F
Jane,F
Kira,F
Bela,F
Jenelle,F
Bethen,F
Jutta,F
Bethany,F
Brylie,F
Bidisha,F
Beverley,F
Bella,F
Bowen,F
Soni,F
Bethanie,F
Kalpana,F
Bhavna,F
Mital,F
G,F
Bhumi,F
Bingjie,F
Lee Ann,F
Brienne,F
Bindu,F
Barjdeep,F
Bonny,F
Beier,F
Bhanu,F
Beryl,F
Beatrice,F
Jolene,F
Bridgett,F
Babitha,F
Binh-Minh,F
Benedicte,F
Juliana,F
Breanna,F
Keri,F
Vannessa,F
Ilaria,F
Betsabe,F
Chris,F
Gill,F
Bhagyashree,F
Pip,F
Brianne,F
Brandi,F
Kristin,F
Artemis,F
Bronwyn,F
Tobie,F
Lynda,F
Brittney,F
Leona,F
Brinda,F
Dorothee,F
Bhakti,F
Brita,F
Bharti,F
Brisela,F
Bonita,F
Belinda,F
Maria Gerardina,F
Niamh,F
Gina,F
Fozia,F
Bhairavi,F
Carola,F
Jordan,F
Chiaki,F
Grainne,F
Carlina,F
Janelle,F
Hanifa,F
Bai,F
Briitney,F
Bei,F
Carrie,F
Christie,F
Jo Ann,F
Federica,F
Danielle,F
Chantelle,F
Mercina,F
Cara,F
Catrin,F
Chetna,F
Catriona,F
Carline,F
Carmela,F
Carey,F
Chevon,F
Catalina,F
Caitlyn,F
Cori Lynn,F
Cari,F
Candiss,F
Catia,F
Chia,F
Carolina,F
Clarice,F
Christa,F
Wei Wei,F
Pamelyn,F
Crystal,F
Coleen,F
Chrissy,F
Carolyn,F
Corette,F
Casey,F
Candy,F
Carys,F
Camille,F
Christy,F
Cara-Lynn,F
Erika,F
Carina,F
Catlin,F
Caryl,F
Chantale,F
Cori,F
Chiara,F
Cristie,F
Cristal,F
Caryn,F
Congyun,F
Connie,F
Nupur,F
Aneugea,F
Edith,F
Clare,F
Priscilla,F
Vickie,F
Caralyn,F
Yofi,F
Jaja,F
Jasmine,F
Cherry,F
Carol-Anne,F
Roseline,F
Clara,F
Ling,F
Azusa,F
Fion,F
Priscilla Shin-Chiah,F
Mable,F
Chikako,F
Yoomi,F
Monita,F
Ming,F
Chantee,F
Cyndi,F
Corin,F
Tarry,F
Chandni,F
Cha,F
Caren,F
Cleworth,F
Candace,F
Chie,F
Phoebe,F
Phillippa,F
Eilleen,F
Frederique,F
Daisy,F
Chien Ling,F
Carol-Lynn,F
Corinna,F
Claira,F
Cornelia,F
Chanel,F
Chai Ling,F
Chrisie,F
Chiho,F
Carissa,F
Crispin,F
Caz,F
Christle,F
Catrina,F
Coreen,F
Cortney,F
Cam,F
Claret,F
Christiane,F
Chisato,F
Cozette,F
Corrine,F
Carmel,F
Eilin,F
Kattalin,F
Cory,F
Sinead,F
Charmayne,F
Olivia,F
Mariette,F
Palvi,F
Sophie,F
Guylaine,F
Senta,F
Chaitra,F
Chloe,F
Sonya,F
Criona,F
Clothilde,F
Madelyne,F
Candida,F
Cassidy,F
Chisa,F
Carolann,F
Cheyenne,F
Caroll,F
Chong,F
Chieko,F
Charlie,F
Lenora,F
Cheyne,F
Chandrika,F
Chika,F
Chiafen,F
Char,F
Cham,F
Chi,F
Olena,F
Kerrith,F
Priti,F
Danye,F
Daniella,F
Daphne,F
Dorothy,F
Dina,F
Devon,F
Doyin,F
Demi,F
Xiaoli,F
Disha,F
Shankari,F
Renu,F
Dayna,F
Debby,F
Deanna,F
Divya,F
Dishari,F
Deyon,F
Darlene,F
Dena,F
Dyanna,F
Dhanushki,F
Daniele,F
Deljit,F
Deepa,F
Deepika,F
Lara,F
Deihdra,F
Dersnika,F
Mirjam,F
Miho,F
Magda,F
Thekla,F
Bhavika,F
Jigisha,F
Devin,F
Davina,F
Delinia,F
Dasha,F
Danelle,F
Darrielle,F
D. Alicia,F
Dilavere,F
Sreesudha,F
Doriana,F
Dharini,F
Dharmini,F
Sharlet,F
Dianne,F
Dimple,F
Deena,F
Deepti,F
Darnish,F
Dania,F
Devina,F
Dibya,F
Derrin,F
Aurelien,F
Annelie,F
Alessia,F
Delphine,F
Harriet,F
Kendra,F
Minal,F
Myree,F
Petula,F
Paola,F
Sabina,F
Silvana,F
Susanne,F
Tate,F
Wilma,F
Dolly,F
Daiana,F
Daria,F
Denisse,F
Dora,F
Maral,F
Fiona,F
Rama,F
Deepali,F
Deesha,F
Dalila,F
Deidre,F
Eva Elaine,F
Dasia,F
Dantego,F
Deb,F
Diti,F
Deana,F
Dhanya,F
Dilpa,F
Datta,F
Dipti,F
Derwin,F
Deeksha,F
Jia,F
Nikki,F
Eugenia,F
Debrina,F
Darla,F
Nancy Kayne,F
Eastlyn,F
Esther,F
Ebony,F
Elena,F
Edwina,F
Muriel,F
Sterling,F
Vicky,F
Ewelina,F
Edie,F
Emke,F
Emilie,F
Esti,F
Butcher,F
Elle,F
Eunyoung,F
Erin-Clare,F
Enna,F
Ellie,F
Eliza,F
Shani,F
Rachida,F
Eloisa,F
Edite,F
Eriko,F
Elvira,F
Eszter,F
Esra,F
Eliana,F
Meriem,F
Rima,F
Elva,F
Emika,F
Eveline,F
Evelania,F
Eiko,F
Evonne,F
Emi,F
En Hui,F
Esosa,F
Estelle,F
Eilidh,F
Enid,F
Edise,F
Esha,F
Einav,F
Elanna,F
Eliane,F
Omega,F
Evon,F
Ethie,F
Elaina,F
Elysia,F
Emiko,F
Joanne-Marie,F
Emmie,F
Etsuko,F
Eleonora,F
Chinedu,F
Farah,F
Farhana,F
Misbah,F
Sam,F
Jasmin,F
Fabienne,F
Sari,F
Fang,F
Fallon,F
Fernanda,F
Forida,F
Audree,F
Farzana,F
Dorothea,F
Heike,F
Faith,F
Fenty,F
Jadwiga,F
Kristina-Helen,F
Katja,F
Lydia-Jeannette,F
Martina,F
Nadja,F
Panaela,F
Teodora,F
Terez,F
Zeljka,F
Florian,F
Faye,F
Fabiana,F
Futaba,F
Fujiyo,F
Francie,F
Athina,F
Angel,F
Alisa,F
Bhamini,F
Catheleyne,F
CHRISSY,F
Dahlia,F
Delfina,F
Ellena,F
Gema,F
Hayley,F
Harjit,F
Honor,F
Ioana,F
JO,F
Justine,F
Juliet,F
Karin,F
Kristy,F
Kjersti,F
Lillian,F
Leena,F
Martje,F
Misa,F
Nicky,F
Noortje,F
Naomi,F
Pragna,F
PHILIPPA,F
Rachell,F
Runjna,F
Santina,F
Saima,F
SUE,F
Thomasina,F
Zara,F
Zoe,F
Mariann,F
Francine,F
Almudena,F
Patrice,F
Maria Victorina,F
Jo,F
Frida,F
Niki,F
Fumi,F
Fusako,F
Fereshta,F
Shiho,F
Takako,F
Felicia,F
Garima,F
Trish,F
Galina,F
Gabrielle,F
Jyue-Jyue,F
Lena,F
Yuying,F
Paige,F
Mariana,F
Griselda,F
Tejas,F
Ghita,F
Greta,F
Erstein,F
Gemma,F
Gabriella,F
Gayna,F
Gladys,F
Giovanna,F
Geetika,F
Gitika,F
Ghislaine,F
Genevieve,F
Galit,F
Greeshma,F
Georgina,F
Gaynor,F
Gia,F
Gigi,F
Guinevere,F
Gisella,F
Navann,F
Roma,F
Cilla,F
Franck,F
Fabiene,F
Katrina,F
Amrit,F
Leesa,F
Lynsey,F
Silvi,F
Tatiana,F
Xia,F
Yiqun,F
Gil,F
Geeta,F
Golbie,F
Geetu,F
Gurpreet,F
Georgiana,F
Gunjan,F
Geetanjali,F
Gena,F
Valentina,F
Geraldine,F
Goldie,F
Georgia,F
Gauri,F
Greer,F
Beulah,F
Yukie,F
Nela,F
Shilpa,F
Wen,F
Gopika,F
Gayatri,F
Gurvinder,F
Gayle,F
Giselle,F
Patti,F
Hope,F
Monika,F
Gelena,F
Alexia,F
Angelika,F
Anciea,F
Anjna,F
Anj,F
Gita,F
Blanche,F
Bethan,F
Charmain,F
Chantal,F
Cathryn,F
Ciara,F
CAROLYN,F
Dhamae,F
Greg,F
Etta,F
Hiba,F
Harmeet,F
Janis,F
Jade,F
Jennie,F
Jayme,F
Karina,F
Kirsten,F
Kim Jee,F
Keryn,F
Karolina,F
Katherina,F
Kareena,F
Lorraine,F
Maha,F
MANDY,F
Marissa,F
Morn,F
Neeta,F
Nosrut,F
Nimrita,F
Nuala,F
Ouarda,F
Paolla,F
Rachael,F
Roz,F
Rosina,F
RUTH,F
Shelby,F
Saiyi,F
Sneha,F
Sandrine,F
Sarv,F
Tricia,F
Tana,F
TRACY,F
Nataline,F
Valenti,F
Vikki,F
Gisha,F
Tania,F
Miranda,F
Rui,F
Nidhi,F
Gatha,F
Gilda,F
Theda,F
Hanan,F
Haruka,F
Yuuko,F
Hailing,F
Haesun,F
Haixian,F
Aki,F
Michiyo,F
Farida,F
Hae Mi,F
Han,F
Gurmit,F
Yuko,F
Hikaru,F
Harmony,F
Harsh,F
Hanna,F
Janan,F
Candra,F
Dolores,F
Shigeri,F
Shobhika,F
Halsey,F
H. Tory,F
Happy,F
Hemlata,F
Phyllis,F
Violet,F
Helga,F
Himani,F
Renee,F
Hayam,F
Adriane,F
Heiko,F
Helena,F
Allegra,F
Hema,F
Kylie,F
Hanako,F
Haruyo,F
Hisako,F
Hiromi,F
Hien,F
Hinal,F
Yumiko,F
Mayumi,F
Henna,F
Helme,F
Hari Priya,F
Hyunmi,F
Hyun Kyung,F
Hannie,F
Hsueh,F
Hetal,F
Meaquel,F
Su,F
Roseana,F
Dyna,F
Serena,F
Masako,F
Jyoti,F
Cass,F
NaShanna,F
Hanh,F
Huey Jen,F
Junmin,F
Huyen,F
Merryn,F
Harsha,F
Lynd,F
Hala,F
Hina,F
Hsueh-ming,F
Heenal,F
Hiroe,F
Hui Min,F
Humma,F
Heera,F
Hideko,F
Li,F
Aurelie,F
Huiwen Cindy,F
Nicolle,F
Haruko,F
Ida,F
Isha,F
Inga,F
Iswarya,F
Inhye,F
Inda,F
Irma,F
Miyako,F
Iva,F
Star,F
Ilana,F
Ivy,F
Ingrida,F
Ivana,F
Ishmeet,F
Iqra,F
Inbar,F
Inger,F
Ixa,F
Inez,F
Ichun,F
Iseult,F
Inna,F
Iliana,F
Greeba,F
Miwa,F
Ide,F
Madhavi,F
Ian,F
Ifeayinwa,F
Ishita,F
Indira,F
Iuliana,F
Masami,F
Rina,F
Imola,F
Mishiba,F
Ryoko,F
Janaki,F
Abi,F
Ilona,F
Jamila,F
Jaclyn,F
Jana,F
Brigid,F
Marisa,F
Jagruti,F
Sanchita,F
Geri,F
Circe,F
Melcar,F
Joane,F
Paulee,F
Josie,F
Jyotsna,F
Jalpa,F
Janene,F
Jan,F
Joyeeta,F
Johanna,F
Jamelia,F
Jiajia,F
Jagriti,F
Jeana,F
Jeannemarie,F
Jesse,F
Joyel,F
Jenie,F
Jeannine,F
Jenni,F
Jessie,F
See Man,F
Jenna,F
Parker,F
Junko,F
Joecel,F
Jenine,F
Janiece,F
jenny,F
Jharna,F
Joi,F
Jonell,F
Jiaxi,F
Jie,F
Jinzi,F
Ji,F
Jiajing,F
JiEun,F
Jieun,F
Sharon Jingping,F
Josefine,F
Jingjing,F
Jin,F
Jinning,F
Jiyeon,F
Jami,F
Jen,F
Juhua,F
Jina,F
Jaspreet,F
Jacquelyn,F
Juee,F
Jenny Rose,F
Janetta,F
Joselle,F
Johndca,F
Joseph,F
JaYalitza,F
Jun,F
Joey,F
Jordana,F
Jacy,F
Jairun,F
Joo,F
Rupi,F
Rosie,F
Tejal,F
Genia,F
Joilyn,F
Jyothi,F
Jean-Marie,F
Jemina,F
Jenifer,F
Jody,F
Julija,F
Jugita,F
Jazelyn,F
Julz,F
Jamorah,F
Julee,F
Jojo,F
Jackelyn,F
Jonna,F
Joni,F
Jeevika,F
Juanita,F
Nget,F
Julieta,F
Jayalakshmi,F
Jayati,F
Kanika,F
Dreaneen,F
Kaoru,F
Karuna,F
Kerri,F
Kayo,F
Katie Anne,F
Kaitlyn,F
Kinjal,F
Kumi,F
Kalaivani,F
Kari,F
Devica,F
Rasha,F
Kajal,F
Michiko,F
Sabita,F
Orie,F
Risa,F
Kanchan,F
Sumana,F
Koreen,F
Paulami,F
Miyuki,F
Yukari,F
Kay,F
Kavisha,F
Keally,F
Kelline,F
Korrin,F
Khamphiou,F
Kyra,F
Keira,F
Kellie,F
Katina,F
Khamphouth,F
Khushalee,F
Kerstie,F
Kathrine,F
Kimberley,F
Kameka,F
Kaitlin,F
Kali,F
Karla,F
Kerrin,F
Kristie,F
Kyle,F
Kerrianne,F
Kelsea,F
Kaori,F
Kimber,F
Humaira,F
Yasmin,F
Krisztine,F
Kasyapa,F
Kem,F
Kiyomi,F
Lee,F
Khushbu,F
Kelli,F
Kerstin,F
Ina,F
Naho,F
Suni,F
Katsumi,F
Youngeun,F
Kaleena,F
Kumiko,F
Kelley,F
Kunjan,F
Kat,F
Kaylie,F
Katarina,F
Karishma,F
Kaisa,F
Kirstin,F
Klara,F
Kerynne,F
Kavyashree,F
Kaulleen,F
Khadyjah,F
Katrine,F
Katherin,F
Komal,F
Kavita,F
Keiko,F
Kathyrn,F
Kelsie,F
Khyati,F
Kacy,F
Krista,F
Kenyatta,F
Kerry-Ann,F
Kayly,F
kathryn,F
Khabira,F
Miki,F
Kazue,F
Yoana,F
Ayumi,F
Yukiko,F
Katia,F
Magdaline,F
Klaudia,F
Katharina,F
Khushboo,F
Krunali,F
Ke Song,F
Kelsey,F
Serene,F
Keetha,F
Keqian,F
Kana,F
Katiana,F
Kamilla,F
Katsiaryna,F
Yoshiko,F
Kumuda,F
Kassandra,F
Kei Ling,F
Kyla,F
Kam,F
Krishnapriya,F
Kie,F
Kyuri,F
King-sze,F
Kae,F
Kano,F
Lily,F
Lavanya,F
Tenagne,F
Laali,F
Leigh,F
Seema,F
Carman,F
Wendie,F
Dara,F
Ligia,F
Lila,F
Latrice,F
Lolita,F
Luana,F
Lina,F
Lorna,F
Leeann,F
Loren,F
Latonia,F
Leana,F
Luis,F
Lyndsey,F
Leida,F
Lizette,F
Lays,F
Lourdes,F
lesley,F
Lucie,F
Loni,F
Larisa,F
Lucianne,F
Lucile,F
Lakaya,F
Lili,F
Sheila,F
Nicohl,F
Sunhee,F
Yuit Chieng,F
Maddy,F
Liga,F
Pagerie,F
Leila,F
Lettie,F
Lorelei,F
Legna,F
Lyn,F
Elka,F
Leanne,F
Kristal,F
Lizsandra,F
Luci-Ann,F
Laurene,F
LauraKate,F
Ladan,F
Larissa,F
Lea,F
Lais,F
Lissette,F
Livia,F
Lucarol,F
Carmelita,F
Lilly,F
Imogen,F
Jia-Lan,F
Hetty,F
Kit,F
Manjula,F
Lin Lin,F
Kian,F
Piroska,F
Lilleeth,F
Yu,F
Lisha,F
Wei,F
Lingxiao,F
Lipsy,F
Luba,F
Lynsi,F
Lilliana,F
Lourdy,F
Lyubov,F
Lula,F
Lakshmi,F
Loletta,F
Lise,F
Latoyria,F
Luanne,F
Lei,F
Milla,F
Lyndie,F
Louisa,F
Lucille,F
Luseane,F
Leni,F
Lauren Ann,F
Erika (Lodge),F
Armelle,F
Lorri,F
Lorene,F
Lavy,F
Lilya,F
Lin,F
Voni,F
Loraine,F
Lyndsay,F
Luann,F
Laurelle,F
Laila,F
Lyudmila,F
Lidiya,F
Lubica,F
Luitgard,F
Lorin,F
Ludan,F
Linn,F
Susannah,F
Denelle,F
Rozita,F
Rene,F
Leticia,F
Lasonya,F
Lu,F
Debi,F
Lida,F
Mandeep,F
Mahati,F
Mamta,F
Ikumi,F
Maija,F
Madhuri,F
Madeleine,F
Waka,F
Maira,F
Shivarubeni,F
Kiron,F
E. Siobhan,F
Matsuno,F
Yoshitaka,F
Mamtha,F
Margi,F
Clarissa,F
Rajani,F
Manisha,F
Marlys,F
Qanitah,F
Mihoko,F
Renata,F
Kiku,F
Marcelle,F
Rika,F
Maki,F
Maiko,F
Shreena,F
Akemi,F
Mikie,F
Yuka,F
Yoko,F
Isabella,F
Merry,F
Mayling,F
Marcie,F
Mona,F
Miklos,F
Mary Alice,F
Marci,F
Stella,F
Jennette,F
Mary Jane,F
Michaela,F
Mayci,F
Mamie,F
Madoka,F
Laraine,F
Liberty,F
Eavan,F
Michael Anne,F
Makyla,F
Morli,F
Mo,F
Lowri,F
Pau Ping,F
Rashmee,F
Micaela,F
Wing See,F
Malvica,F
Chalida,F
Mehbish,F
Mischa,F
Urszula,F
Smriti,F
Maryam,F
Philippa,F
Meenakshi,F
Meng,F
Melodi,F
Mengdi,F
Meg,F
Meenu,F
Mei Fong,F
Maliha,F
Beata,F
Dhusira,F
Megumi,F
Fi,F
Harleen,F
Inge,F
Isobel,F
Latifa,F
Maeve,F
Lezelle,F
Lucinda,F
Magdalena,F
Nargis,F
Nerina,F
Nhan,F
Nkem,F
Mollie,F
Ramya,F
Thuy,F
Tolani,F
Tanya,F
Mireya,F
Zahra,F
Mary K,F
Maritza,F
Maribeth,F
Mariyana,F
Mollshree,F
Marve',F
Mara,F
Meagan,F
Maissa,F
Mai,F
Mina,F
Manali,F
Maria Eugenia,F
Madonna,F
Machiko,F
Meena,F
Melly,F
Advita,F
Aoife,F
Arpana,F
Aarti,F
Bev,F
Dominique,F
Clarestine,F
Dhanashree,F
Miglos,F
Franziska,F
Hillolini,F
Ming Erh,F
Hemanti,F
Mikayla,F
Mie,F
Micky,F
Ming Ming,F
Scotia,F
Mi Jae,F
Labhaoise,F
Meghna,F
Mita,F
Mineko,F
Maire,F
Naz,F
Natalya,F
Mayra,F
Nishigandha,F
Nagalakshmi,F
Pranali,F
Min,F
Miri,F
Rajalakshmi,F
Sania,F
Misha,F
Somya,F
Swati,F
Smita,F
Sarbjit,F
Shane,F
Neem,F
Satoko,F
Vivienne,F
Mariya,F
Manami,F
Milena,F
Miya,F
Cecily,F
Drusilla,F
Mary Beth,F
Shravya,F
Siobhan,F
Mila,F
Veronika,F
Morin,F
Marleen,F
Angelene,F
Marguerita,F
Mirella,F
Martine,F
EVA,F
Megu,F
Karly,F
Missia,F
Nirajan,F
Mizuko,F
Roshni,F
Mari,F
MacKenzie,F
Myrna,F
Khalisa,F
Mavis,F
Minnie,F
Mutsumi,F
Morag,F
Marini,F
Mahana,F
Martin,F
Marlease,F
Macie,F
Cecile,F
Misako,F
Maude,F
Madelyn,F
Makiko,F
Mosope,F
Juliane,F
Mariko,F
Morgan,F
Marieta,F
Marci Marie,F
Ivy Claire,F
Flavia,F
Olympia,F
Monal,F
Asuka,F
Yongmei,F
Mariel,F
Mary-Grace,F
Manuela,F
Timkova,F
Maryana,F
Nimma,F
Mandakini,F
Manish,F
Mithu,F
Manpreet,F
Mayana,F
Meera,F
Marcy,F
Mollyanne,F
Marie Carmel,F
Mihaela,F
Mehak,F
Mika,F
Mihika,F
Micki,F
Milani,F
Mui,F
Marlyn,F
Marija,F
Mathura,F
Mageswari,F
Moira,F
Miwako,F
Michika,F
Miyoko,F
Marisol,F
Melieyana,F
Ndona,F
Cherie,F
Masae,F
Malika,F
Madhulika,F
Margaux,F
Manasi,F
Mekol,F
Marlie,F
Mary Lou,F
Melannie,F
Masumi,F
Namita,F
Nayda,F
Niveditha,F
Nandani,F
Nadezda,F
Nazia,F
Vikantha,F
Nalini,F
Momoko,F
Kayoko,F
Nandita,F
Tomoko,F
Nana,F
Nozomi,F
Zaria,F
Ivanna,F
Nyelle,F
Nickisha,F
Navreen,F
N,F
Nur Hasliana,F
Nurliana,F
Nyssa,F
Natoria,F
Neyda,F
Neelam,F
Nehal,F
George,F
Lai-Mei,F
Nkechi,F
Nurcin,F
Bessie,F
Taylor,F
Iriss,F
Narelle,F
Nadia,F
Nichola,F
Noriko,F
Annemarie,F
EVEE,F
Nitika,F
Fukiko,F
Ryuko,F
Nikita,F
Gitanjali,F
Namrata,F
Nimika,F
Namiko,F
Nobue,F
Nasheela,F
Narmatie,F
Ning,F
Nell,F
Naena,F
Niyati,F
Nadja Melanie,F
Nikolett,F
Nischala,F
Neeharika,F
Nerissa,F
Neemita,F
Negar,F
Njeri,F
Neetal,F
Stefanie,F
Niurka,F
Nami,F
Nandini,F
Nanette,F
Natalka,F
Nori,F
Nishani,F
Nena,F
Naheed,F
Natsuko,F
Nikola,F
Derya,F
Nitisha,F
Nivetha,F
Raven,F
Ona Lee,F
Onengi,F
Peta,F
Oana,F
Ophelia,F
Ossnat,F
Ruschelle,F
Oyindamola,F
Orla,F
Oona,F
Orit,F
Kazumi,F
Onyi,F
Hwei Lyn,F
Natsumi,F
Ojasvi,F
Nancyellen,F
Elda,F
Brehene,F
Nelli,F
Libby,F
Teiko,F
Prabhavati,F
Poonam,F
Desiree,F
Larayne,F
Sudha,F
Vandna,F
Portia,F
Anisa,F
Shalvee,F
Shweta,F
Pallavi,F
Palvir,F
Pru,F
Penelope,F
Prabha,F
Purista,F
Peggie,F
Pat,F
Perla,F
Karey,F
Peggy,F
Roselle,F
Lorie,F
Nevenka,F
Trudi,F
Faustine,F
Alessandro,F
Aurelia,F
Celisa,F
Eira,F
Elke,F
Lenise,F
Loretta,F
Sharmila,F
Shamna,F
Pinki,F
Peng,F
Paree,F
Parvati,F
Linh,F
Ping,F
Ulla,F
Preethi,F
Pragya,F
Parineeta,F
Pratiksha,F
Pamelia,F
Yolanda,F
Petrocelli,F
Pearl,F
Parya,F
Parke,F
Priyamvada,F
Elicia,F
Preema,F
Patrycja,F
Prachi,F
Evangeline,F
Puja,F
Pia,F
Prajakta,F
Chitra,F
Priyal,F
Petrina,F
Patsy,F
Ranjeeta,F
Roselet Ramya,F
Danni,F
Queenie,F
Quincy,F
Quynh,F
Qiana,F
Rozina,F
Rachna,F
Heba,F
Ranshini,F
Anu,F
Reiko,F
Roxanne,F
Effie,F
Rashida,F
Shareena,F
Rupal,F
Rabi,F
Rosemarie,F
Rosetta,F
Runmei,F
Ruchera,F
Regine,F
Rowena,F
Riona,F
Ruma,F
Raye,F
may,F
Raewyn,F
Gabriele,F
Rebekah,F
Elspeth,F
Regan,F
Emiliya,F
Reva,F
Ruchi,F
Rebeca,F
Rajyasri,F
Renuka,F
Rashi,F
Rashmii,F
Rhythm,F
Richa,F
Toria,F
Suphanee,F
Riddhi,F
Hollylane,F
Ritika,F
Rinni,F
Ramani,F
Ramsha,F
Ray Pin,F
Raj,F
Ridhima,F
Ritu,F
Randi,F
Ravjeet,F
Reshma,F
Rabia,F
Ruchie,F
Rose Marie,F
Rhian,F
Roni,F
Ruby-Anne,F
Robbin,F
Ruby,F
Roseann,F
Ruchika,F
Robbie,F
Rekha,F
Riyako,F
Raina,F
Rutuja,F
Rinky,F
Ruxandra,F
Rishika,F
Winifred,F
Neneth,F
Rieko,F
Alana,F
Rae-Anne,F
Yves,F
Roshani,F
Roselet,F
Ornit,F
Abigayle,F
Reena,F
Rosanne,F
Rhiannon,F
Rosemaree,F
Roxxanne,F
Rabiya,F
Rolanda,F
Rupa,F
Raffaela,F
Ratula,F
Misty,F
Ranit,F
Rasna,F
Ranjini,F
Racquel,F
Renne,F
Roobina,F
Rhema,F
Ruthann,F
Remi,F
Rashmi,F
Ruth Ann,F
Roopa,F
Runita,F
Rupali,F
Rosalinda,F
Rossana,F
Rachelle,F
Dreamy,F
Ruiling,F
Rong,F
Sakshi,F
Sahar,F
Sumito,F
Mutsko,F
Kagari,F
Sajni,F
Samina,F
Shamafa,F
Shrutika,F
Rakkhi,F
Shanna,F
Savitha,F
Shivangi,F
Sapna,F
Swapna,F
Subhadra,F
Reeti,F
Shifra,F
Sachiko,F
Sajitha,F
Rezza,F
Sarika,F
Saritha,F
Sangeeta,F
Shadi,F
Sakina,F
Mary Allen,F
Rimma,F
Summer,F
Shipra,F
Saketha,F
Sarahdeba,F
Sherrie,F
Sanjana,F
Sumit,F
Suniti,F
Noel,F
Smruti,F
Sohyoung,F
Birgit,F
Samol,F
"Sarah, J.",F
Shera,F
Sharra,F
Shermaine,F
Shazia,F
Scheereen,F
Sasha,F
Shambhavi,F
Suzzanne,F
Shivali,F
Selina,F
Seanna,F
Sehee,F
MiSook,F
Seary,F
Salua,F
Sili,F
Shawnta,F
Sheri,F
Shayla,F
Sheetal,F
Shruthi,F
Shonda,F
Sadia,F
Subeda,F
Anamika,F
Harshita,F
Selene,F
Selma,F
Mary Ellen,F
Swashili,F
Akshatha,F
Shan,F
Shu,F
Kyo,F
Shakirah,F
Sasako,F
Shikha,F
Neetha,F
Shin-Yu,F
Yoby,F
Shufen,F
Shu Yan,F
Soraya,F
Shubhangi,F
Shruti,F
Shuchi,F
Selena,F
Polina,F
Sheba,F
Sharon S.,F
Sayako,F
Sonoko,F
Sian,F
Selvi,F
Alka,F
Silky,F
Shiori,F
Sivatharsiny,F
Sanju,F
Sripriya,F
Shalina,F
Sonali,F
Sarita,F
Shrusthi,F
Sukjinder,F
Shivani,F
Savita,F
Siddhi,F
Sherie,F
Sekenya,F
Sherin,F
Sammi,F
Shanda,F
Shami,F
Shailaja,F
Selia,F
Sani,F
Shawn,F
Samara,F
Shawana,F
Sunaina,F
Sheela,F
Shinobu,F
Sylwia,F
Angeline,F
Kris,F
Lise-Lotte,F
Shaun,F
Sybelle,F
Sonam,F
Soumaya,F
Sigrunn,F
Satyavani,F
Shellyann,F
Saw,F
Saori,F
Stacia,F
Shaheen,F
Sneh,F
Satomi,F
Sonoo,F
Maribel,F
Wenjia,F
Song-ee,F
Soumya,F
Sonal,F
Trinnie,F
Jeanie,F
Sade,F
Schez,F
Shemeka,F
Samita,F
Sita Sunaina,F
Staci,F
Sinduja,F
Steph,F
Shaila,F
Anagha,F
Sreela,F
Jayanthi,F
Shameeka,F
Sajama,F
Saufiah,F
Shalong,F
Shailu,F
Shekinah,F
Shannah,F
Sujatha,F
Shiwani,F
Supriya,F
Sondra,F
Shantrese,F
Sibil,F
Saoni,F
Surenders,F
Soei,F
Savina,F
Smitha,F
Satu,F
Shaivya,F
Sadako,F
Cassandra,F
Sofya,F
Suchita,F
Sabeena,F
Sachie,F
Maho,F
Suerin,F
Sun-Hee,F
Avani,F
Sunanda,F
Singh,F
Su Yi,F
Sheena,F
Suneetha,F
Suma,F
Suhasini,F
Sameera,F
Samiah,F
Sweta,F
Soo Jin,F
Soon,F
Sachiyo,F
Ciccy,F
Shewaye,F
So Chong,F
Shellie,F
Sisi,F
Siying,F
Lam Lam,F
TC,F
Tashween,F
Ritsue,F
Terumi,F
Kuniko,F
Tunisha,F
Jessey,F
Sacha,F
Tashina,F
Tamsin,F
Doreen,F
Tanushree,F
Tanjyot,F
Thalita,F
Tanyell,F
Talisha,F
Teri,F
Terry,F
Therese,F
Tripta,F
Tamisha,F
Tamzin,F
Vandita,F
Carrianne,F
Leyla,F
Taisa,F
Trea,F
Tehani,F
Teuta,F
Trupti,F
Tejaswinee,F
Yanny,F
Tennica,F
Temi,F
Tamika,F
Taquan,F
Thanu,F
Tanushi,F
Trisha,F
Vida,F
Tiara,F
Thi,F
Cece,F
Jolly Ann,F
Morrine,F
Melina,F
Thalia,F
Apinya,F
Kaye,F
Tien,F
Tiina,F
Timea,F
Tiantian,F
Tahira,F
Trina,F
Taryn,F
Tamar,F
Echo,F
Tanisha,F
Tatyana,F
Tomoe,F
Tyler,F
Taylor Ann,F
Trishala,F
Tinchuck,F
Tess,F
PAT,F
Tomomi,F
Tanvi,F
Taina,F
Tomasina,F
Tianjiao,F
Trang,F
Tanja,F
Tykisha,F
Tinaye-Tarirai,F
Wai Yee,F
Tysha,F
Toya,F
Freda,F
Tony,F
Tammie,F
Tuhina,F
Tonie,F
Todd,F
T,F
Tra,F
Kasey,F
sherri,F
Thao,F
Usha,F
Urmi,F
Urvashi,F
Uzoma,F
Upasana,F
Uma,F
Ujwala,F
Petek,F
Vittoria,F
Vandana,F
Virna,F
Jackeline,F
Dagmar,F
Uyen,F
Rashmita,F
Karrie,F
Danae,F
Varuna,F
Vaidehi,F
Vidhi,F
Vesta,F
Viara,F
Verily,F
Torie,F
Reza,F
Vishakha,F
Vinitha,F
VJ,F
Vibha,F
Varsha,F
Vita,F
Vamsee,F
Vaishali,F
Violeta,F
Venus,F
Vayia,F
Vidisha,F
Joana,F
Jannine,F
Vasiliki,F
Verna,F
Vrushti,F
Virali,F
Vidya,F
Valentine,F
Valeria,F
Verena,F
Vivi,F
Vy,F
Jyotika,F
Elisha,F
Marvis,F
Pei-Ying,F
Vathani,F
Myriam,F
Vienna,F
Weijia,F
Charrissa,F
Starlyne,F
Andrew,F
Tornita,F
Wanli,F
Wakako,F
Wendy L,F
Wonny,F
Krystal,F
Qi,F
Aldercy,F
Wing Ki,F
Vivien,F
Weijun,F
Xiuing,F
Xing,F
Xiaowen,F
Sica,F
Xi,F
Xiaoxian,F
Xiu-Jing,F
Xiaotang,F
Xinwei,F
Xin,F
Melrose,F
Yasmijn,F
Eunice,F
Yane,F
Yasue,F
Yasuko,F
Yan,F
Yevgeniya,F
Urara,F
Yangqian,F
Yulia,F
Yaminah,F
Camy,F
Yili,F
Yewande,F
Yunna,F
YunKyung,F
Yasmina,F
Yingting,F
Yi-Ju,F
Yifei,F
Kallen,F
Fay,F
Estella,F
Yumi,F
Yanne,F
Yishi,F
Yun-Yi,F
Yamini,F
Yeon,F
Mirei,F
Young Joo,F
Yosefina,F
Piper,F
Fumie,F
Toshie,F
Angelia,F
Kimbernyse,F
Yashashree,F
Cherylyn,F
Yinuo,F
Yuri,F
Yvette,F
Yuming,F
Yuriko,F
Yenny,F
Yamile,F
Yura,F
Yuzhui,F
Yuqiong,F
Yuan,F
Yong,F
Yuxin,F
Yulya,F
Mana,F
Zarana,F
Zohra,F
Zinnia,F
Tatsiana,F
JoJo,F
Zainab,F
Zhuoxuan,F
Zoey,F
Zola,F
Katya,F
Zhanna,F
Svjetlana,F
Zenaida,F
Zeineb,F
Zornitza,F
Rike,F
Veera,F
Scarlett,F
Purva,F
Jazmine,F
Ekta,F
Radhika,F
Ishani,F
Juhi,F
Winki,F
Rosita,F
Sharol,F
Rania,F
Srishti,F
Kanae,F
Huawei,F
Jet,F
Vivian Hiu Fung,F
Takayo,F
Patrizia,F
Yurie,F
Brett,F
Tabitha,F
Mindy,F
Chen,F
Jayda,F
Laxmi,F
Sukanya,F
Phetsamone,F
Jasmeet,F
Suey,F
Yashika,F
Akta,F
Whitnee,F
Dakshayani,F
Felicity,F
Marieke,F
Saumya,F
Vibhutee,F
Charoo,F
Aime,F
Chiduru,F
Deepakshi,F
Kushmeena,F
Sukhvir,F
Mukta,F
Rhondda,F
Ayshwarya,F
Wei-Chien,F
Shiva,F
Aradhita,F
Rupleena,F
Jingting,F
Dhvani,F
SoYoung,F
Rrezarta,F
Nobuko,F
Whitney,F
Lizz,F
Nurhayati,F
Abbi,F
Charise,F
Kaley,F
Akeithea,F
Yuwei,F
Miecko,F
Katerina,F
Emy,F
Maria Gina,F
Angelica,F
Shizuka,F
Lakshmi Pavani,F
Ksenia,F
Cosima,F
Iryna,F
Yitong,F
Prabhjyot,F
Haryati Binte,F
Murni Binte,F
Hela,F
Tayla,F
Fredericka,F
Ece,F
Smruthi,F
Rosalia,F
Dominika,F
Serina,F
Mairead,F
Shrilatha,F
Oriyomi,F
Madison,F
Delia,F
Sadhana,F
Fei,F
Suman,F
Archna,F
Eleni,F
Grazyna,F
Norliana,F
Stacy Yue,F
Hansa,F
Roopini,F
Jayverlyn,F
Thara,F
Kimisha,F
Suzie,F
Mitsuyo,F
Motoko,F
Akancha,F
Shameka,F
Kovie,F
Parul,F
Binta,F
Alia,F
Susana,F
Ira,F
Aakriti,F
Melisa,F
Wei Lin,F
Yasmine,F
Sukhmani,F
Xinxin,F
Sola,F
Sanae,F
Kelisha,F
Sohad,F
Riya,F
Taniya,F
Clora,F
Lacey,F
Latiece,F
Lai,F
Khoi,F
Preksha,F
Nishita,F
Charmaine,F
Nikitha,F
Bahar,F
Maria Lorelei,F
Karthika,F
Salonee,F
Annina,F
Carmina,F
Zsofia,F
Mishyan,F
Riddhima,F
Mieko,F
Nicolina,F
Hollie,F
Emer,F
Juliette,F
Airi,F
Tonia,F
Lay Hoon,F
Temmy,F
Hamda,F
Shatakshi,F
Eldred,F
Kaelin,F
Kwan Mei,F
Barkha,F
Chhaya,F
Maia,F
Elangov An,F
Roula,F
Maice,F
Shuko,F
Annabelle,F
Catherine Anne,F
Xinran,F
Jasvinder,F
Arzu,F
Lotte,F
Maricris,F
Savika,F
Surbhi,F
Lynna,F
Jenan Mohammad,F
Fareeda,F
Wambui,F
Agnieszka,F
Nara,F
Yuyan,F
Maria-Lisa,F
Cati,F
Pashmeen,F
Dornita,F
Nino,F
Valon,F
Leran,F
Mickaela,F
Sunshine,F
Tisha,F
Jiaru,F
Ying Yoong,F
Jania,F
Audra,F
Tetyana,F
Sunita,F
Kamila,F
Shreeya,F
Bruna,F
Alfa,F
Najia,F
Sareena,F
Shreya,F
Vinee,F
AMRUTA SURESH,F
Eri,F
Line-Ariel,F
Ilene,F
Jubi,F
Mahak,F
Weiwei,F
Vania,F
Liming,F
Wenyi,F
Zenia,F
Cici,F
Aline,F
Cinthia,F
Wenqian,F
Chenying,F
Rosaline,F
Harpreet,F
Zira binti,F
Darshini,F
Evangelia,F
Akila,F
Viola,F
Astha,F
Resesh,F
Nilam,F
Arantza,F
Caitriona,F
Abilasha,F
Estel,F
Tzuki,F
Kelly Ann,F
SueAnn,F
Kierstyn,F
My,F
Jenna May,F
Siawn,F
Ja,F
Dionne,F
Akshi,F
Tarmeet,F
Sorcha,F
Dakshinee,F
Zeina,F
Shabhana,F
Arjola,F
Anuradha,F
Layla,F
Absara,F
Maisha,F
Priyan,F
Marsha,F
Maneet,F
Tri,F
Niti,F
Aybin,F
Kym,F
Sindy,F
Ololade,F
Kuheli,F
Arsin,F
Lavi,F
Mornee,F
Lucky,F
Aleksandra,F
Ana Iris,F
Janneke,F
Krisztina,F
Uliana,F
Shabana,F
Enza,F
Monifia,F
Michiala,F
Manal,F
Zanet,F
Yuleidi,F
Cysilia,F
Liane,F
Anastasios,F
Juvin,F
Alpa,F
Sonika,F
Mini,F
Rubi,F
Alicja,F
Mikiyo,F
Chuk,F
Emanuele,F
Kanako,F
China,F
Brennan,F
Shaoyi,F
Ilce,F
Lauretta,F
Sidney,F
Angelee,F
Yohini,F
Georgette,F
Marlies,F
Vasu,F
Apessivi,F
Mariama,F
Ladinia,F
Tami,F
Viviane,F
Simona,F
Young Kyung,F
Florens,F
Chifumi,F
Seong,F
Chelsey,F
Xing Fel,F
Lau,F
Raphaela,F
Aneisha,F
Kaylyn,F
Netta,F
Akriti,F
Ke Li Ismond,F
Liezel,F
Rena,F
Fellini,F
Fusae,F
Tamaki,F
Vineeta,F
Ladonna,F
Marichon May,F
Anjelica Cleo,F
Arielle Marie,F
Marlit,F
Dionie,F
Diwasha,F
Ashley-Jane,F
Kritika,F
Saman,F
Ramany,F
Mengyang,F
Taeko,F
Aishwarya,F
Sandro,F
Xiaoyan,F
Devika,F
Jeetu,F
Sumita,F
Nahoko,F
Ayushi,F
Ellinor,F
Sumathy,F
Yeona,F
Dovile,F
Cathleen,F
Jese,F
Saijal,F
Margot,F
Loide,F
ROSHNI,F
Poh Eng Koh,F
Adebisi,F
Genesis,F
SHIKHA,F
Glenda,F
Jankowska,F
Kellen,F
Bolanle,F
Mariola,F
Tsai Ying,F
Diene,F
Clancy,F
Helder,F
Laetitia,F
Neia,F
Aine,F
Saira,F
Nishat,F
Yurika,F
Saeko,F
Xiomara,F
Baker,F
Nadrie,F
Shaheeda,F
Evelin,F
Georgeta,F
Nzinga,F
Viktorija,F
Grechen,F
Eunjung,F
Fu Li,F
Jazmin,F
Atiya,F
Yanely,F
Yakelin,F
Madhusmita,F
Jhomarie,F
Lorena,F
Glovenia,F
Latahsa,F
Lushana,F
Shena,F
Daphney,F
Lian Kee,F
Altina,F
Eloise,F
Floricel,F
Moe,F
Aradhana,F
Tshering,F
Anika,F
Saifoulaye,F
Roser,F
Ying,F
Kan,F
Matsubara,F
Deaunna,F
Kenia,F
Fasilat,F
Sandeep,F
Sora,F
Chana,F
Caterina,F
Kiersten,F
Sanchi,F
Maria-Ana,F
Yoriko,F
Aaliyah,F
Pirvu,F
Achal,F
Andie,F
Silvia Amadon,F
Reina,F
Ai Phing,F
Melody Ziyun,F
Cyril Jing Yuan,F
Donne,F
Joycelynn,F
Marlena,F
Sajeel,F
Suneha,F
Ivonne,F
Ngaire,F
Milagros,F
Chrystina,F
Mandy Man Yee,F
Ly,F
Khairunnissa,F
Century,F
Samreen,F
Traz,F
Tan,F
Sendrine,F
Juranni,F
Shradha,F
Anupama,F
Aanchal,F
Graziana,F
Kruti,F
Kimbra,F
Kareen,F
Madhu,F
Siti Azrena,F
Iraida,F
Juliya,F
Rhoda,F
Genise,F
Clemmie,F
Cherilyn,F
Kele,F
Poppy,F
Karsten,F
Rhenalyn,F
Raffaella,F
Anuja,F
Nic,F
Jayshree,F
Zuzana,F
Orlanda,F
Leann,F
Bernadette,F
Kirstyn,F
Danica,F
Lien,F
Chanele,F
Saleesha,F
Eubin,F
Roselyn,F
Palwin,F
Zhen,F
Meiqi,F
Bhuvaneshwari,F
Orsolya,F
Yusreen,F
Gerri,F
Qian Hui,F
Sahiba,F
Pik Kuen Jane,F
Katheryn,F
Erin M,F
Bhawna,F
Vonette,F
Marin,F
Yersani,F
Fahra,F
Meime,F
Shubhra,F
Saimah,F
Reshu,F
Sarvani,F
Orenda,F
Ghina,F
Lorie-Ann,F
Kirin,F
Kayla,F
Frederica,F
India,F
Malvina,F
Cheng,F
Jiayue,F
Dani,F
Anastassia,F
Femi,F
Jamie Zhao Ling,F
Lisette,F
Angelique,F
Tryphena,F
Avantika,F
Rawan,F
Farisha,F
Nanthini,F
Assunta,F
Abbie,F
Matogba,F
Demi-Marie,F
Ryana,F
Ridhika,F
Alissa-Marie,F
Wenqin,F
Deloris,F
Mohmeet,F
Elisabetta,F
Nube,F
Kirstie,F
Yingjie,F
Nur,F
Mariah,F
Karine,F
Shohini,F
Meryl,F
Jiaying,F
Huda,F
Suzzy,F
Aylin,F
Shahkira,F
Amirah,F
Foram,F
Alannah,F
Anan,F
Brie,F
Maslina-binte,F
Morgan Alana,F
Ke,F
Bhagyashree V,F
Aleska,F
Yelena,F
Riko,F
Deliliah,F
Taiwo,F
Ela,F
Dawnice,F
Sufiani Binti,F
NaVette,F
Laurel,F
Prerna,F
Axel,F
Sonia George,F
Giulia,F
Mirela,F
Adhi,F
Kameron,F
Gosia,F
Ayano,F
Shrushti,F
Bhavyata,F
Ivy Wan Jee,F
May Xee,F
Sofiane,F
Basmah,F
Noreen,F
Maria Carolina,F
Kimla,F
Shobana,F
Claribel,F
Fiona-Jane,F
Linzi,F
Zinelle,F
Saloni,F
Prakriti,F
Shivi,F
Lexi,F
Laureci,F
Samrawit,F
Tayo,F
Lisbeth,F
Rebecka,F
Zarina,F
Mala,F
Shephathiah,F
Putri Binte,F
Denetra,F
Allira,F
Soniya,F
Jahnay,F
Hermione,F
Anne Claire,F
Sukrita,F
Sumreena,F
Dorotea,F
Heidy,F
Eunee,F
Shubhamvada,F
Amalia,F
Esso,F
Elenilda,F
Nchedo,F
Kenzie,F
Malwine,F
Malin,F
Colomba,F
Motomi,F
Terrance,F
Yasmim,F
Danniella,F
Varnika,F
Pilar,F
Asee,F
Pratheeksha,F
Yi Er,F
Paula-Rose,F
Thea,F
Tsimona,F
Kayleigh,F
Navdha,F
Sayali,F
Arshita,F
Chiemi,F
Rona,F
Damelly,F
ZiQian Kane,F
Anubha,F
Johana,F
Cloris,F
Danyelle,F
Vonye,F
Souphasith,F
Siyun Silvia,F
Thesalie,F
Rana,F
Romina,F
Luna,F
Magdalene,F
Limei,F
Huong,F
Shijo,F
Hiral,F
Ria Fae,F
Giny,F
Minju,F
Huashuang,F
Maria Luisa,F
Halpin,F
Juilee,F
Chigusa,F
Harneet,F
Zornitsa,F
Florica,F
Xingze,F
Celina,F
Kellie Alisa,F
Emese,F
Zhaoyi,F
Ayeesha,F
Boya,F
Binky,F
Patricia Filipa,F
Gefei,F
Sofiya,F
Nai,F
T shure,F
Camila,F
Aja,F
Kieran,F
Coco,F
Ramlah,F
Denne,F
Aimin,F
Aashita,F
Emmeline,F
Maddie,F
Ari,F
Madiha,F
Aleena,F
Evgeniya,F
Xenia,F
Madelaine,F
Mahtab,F
Ameya,F
Yue,F
Sugata,F
Temitope,F
Josslyn,F
Nia,F
Najah,F
Amaya,F
Kudirat,F
Jui,F
Reka,F
Jekaterina,F
Rupam,F
Ashly,F
Nekeshia,F
Shilpi,F
ANNAPURNA,F
Shariwa,F
Lesley Ann,F
Thuc,F
Cristy,F
Linnawati,F
Shraddha,F
Yaneth,F
Carson,F
Ilana Rebecca,F
Sreedevi,F
Aylish,F
Xiangxi,F
Nektaria,F
Efthalia,F
Medhini,F
Jessa,F
Mohini,F
Graham,F
Varisa,F
Starla,F
Nini,F
Traci,F
Hairat,F
Jing Xin Kristin,F
Lejla,F
Shihui Jasmine,F
Snjezana,F
Sayaka,F
Charu,F
Andriana,F
Sisy,F
Anca,F
Ariel,F
Radha,F
Jared,F
Houria,F
Samantha Nancy,F
Nafisha,F
Perpetual,F
Daniela Mihaela,F
Shabnam,F
Brielle,F
Loes,F
Joon,F
Akiho,F
Tarikua,F
Dorah,F
Laolu,F
Zoya,F
Kathrin,F
Izmir,F
Banreet,F
Suesha,F
Simmi,F
Anoop,F
Sae,F
Nurul Marissa,F
Yi-ling,F
Manochitra,F
Selby,F
Angela Mara,F
Kaoruko,F
Briana,F
Kasandra,F
Essma,F
Chitdhara,F
Chisom,F
Sruthi,F
Daysi,F
Wipada,F
Esmeralda,F
Rozalie,F
Shefali,F
Luiza,F
Aurora,F
Yiming,F
Abby,F
Addison,F
Sophiya,F
Ke Xin,F
Annam,F
Priyambada,F
Mackenzie,F
Rhodothea,F
Ottilia,F
Adi,F
Adja,F
Anshika,F
Yunwen,F
Christen,F
Pranita,F
Harper,F
Addie,F
Bhumika,F
Alesandra,F
Tianqi,F
Micha,F
Keith,F
Xiaoqing,F
Zahidah,F
Vivane,F
Muskan,F
Tentai,F
Mitty,F
Cezary,F
Emefa,F
Raja,F
Rakshitha,F
Hao,F
Kasi,F
Kenya,F
Chereen,F
Elisa,F
Heena,F
Jasmitha,F
Rupantika,F
Sai Sandhya,F
Sharath,F
Swapnali,F
Shubha,F
Bhaskar,F
Durva,F
Nancy D,F
Maria Rowena,F
Roby,F
Wendi,F
Ni (Nicole),F
Yingbo (Betty),F
Emilia,F
Ka Wing(Ella),F
Misaki,F
Ran,F
Anitta,F
Hillary,F
Feifei,F
Ma. Krissandra Camille,F
Kristian Rey Edward,F
Ramona Carla,F
Therese Karen,F
Vianca,F
Zaldeleen,F
Jeanpauline,F
Aritra,F
Mariia,F
Tris,F
Anamaria,F
Macey,F
Ferdiye,F
Hau,F
Preveena,F
Shuhan,F
Qian,F
Tarusa,F
Waqar-un-nisa,F
Irra,F
Jiaqi,F
Ding,F
Ruiying,F
Soukina,F
Agnese,F
Aminah,F
Yachen,F
Capucine,F
Iona,F
Romana,F
Yuanqing,F
Demetra,F
Fanni,F
Nargiza,F
Salma,F
Quellie,F
Alayah,F
Kemi,F
Alain,F
Devi,F
Agata,F
Alecia,F
Gudi,F
Myisha,F
Zi Xuan,F
Annety,F
Miyal,F
Anissa,F
Anna Danuta,F
Lilian,F
Zheng Mei,F
Chantae,F
Aakansha,F
Aarzoo,F
Mandi,F
Ailbhe,F
Clemence,F
Sanjidah,F
Monica Chi Hsuan,F
Adila,F
Ana-Sofia,F
Samia,F
Shriya,F
Margherita,F
Ayiana,F
Mengya,F
Chioma,F
Amara,F
Amaris,F
Isabelle,F
Emanuel,F
John,M
Christopher,M
Shariq,M
Matthew,M
Peter,M
Frank,M
Stephen,M
James,M
Anthony,M
Kenneth,M
Chong,M
Robert,M
Albert,M
Jason,M
Michael,M
Shuja,M
Jung-Hun,M
Romesh,M
Marvin,M
Amit,M
Chris,M
Jeffrey,M
Alan,M
Bobby,M
David,M
Ian,M
Steve,M
William,M
Edward,M
Shailesh,M
Joshua,M
Patrick,M
Ankur,M
Ren-Raw,M
Kevin,M
Maxim,M
Daniel,M
Mark,M
Avakash,M
Joel,M
Roscoe,M
Thanh,M
Tony,M
Ravi,M
Adam,M
Jon,M
George,M
Reginald,M
Jack,M
Paul,M
Steven,M
Aashish,M
Hairuo,M
Sid,M
Samit,M
Sandeep,M
Jonathan,M
Richard,M
Rachit,M
Dennis,M
Matt,M
Barry,M
Jaret,M
Daryl,M
Masaaki,M
Gary,M
Keiran,M
Bedivierre,M
Marc,M
Philip,M
Maxym,M
Jesse,M
Abhimanyu,M
Lawrence,M
Nwachakwu,M
Simon,M
Ling,M
Charles,M
Janos,M
Manish,M
Raj,M
Art,M
Terry,M
Keith,M
Basil,M
Danny,M
Henry,M
Dave,M
Jim,M
Scott,M
Ben,M
Shaun,M
Tad,M
Krystian,M
Oliver,M
Antoine,M
Jamie,M
Shogo,M
Ho,M
Francis,M
Travis,M
Antonello,M
Curtis,M
Akinbami,M
Lenell,M
Andrew,M
Larry,M
Lamont,M
Lorenzo,M
Raul,M
Sam,M
Bradley,M
Tirus,M
Evan,M
Justin,M
Thomas,M
Joseph,M
Goby,M
Sekou,M
Aaron,M
Brad,M
Franco,M
Dennis D.,M
Arak,M
Antonio,M
Christian,M
Geoff,M
Rich,M
Sanjit,M
Donald,M
Des,M
Darren,M
Brian,M
Osvaldo,M
Cornelius,M
Mashood,M
Winston,M
Trevor,M
Fashoyin,M
Mouhamed,M
Raja,M
Ola,M
Edison,M
Jeremy,M
Pat,M
Colin,M
Russell,M
Kafilat,M
Omo,M
Anita,M
Ivan,M
Bruce,M
Kenny,M
Huntley Francis,M
Bill,M
Gregory,M
Filipe,M
Milton,M
Ed,M
Toby,M
G. Nicholas,M
Kent,M
Elmer,M
Lance,M
Cosmo,M
Walter,M
Monhan,M
Mike,M
Theodore,M
Cedric,M
Cesar,M
Carl,M
Jose,M
Paramjit,M
Stellaris,M
Jairo,M
Roberto,M
Juan,M
Glenn,M
Owen,M
Pedro,M
Gildardo,M
Ariel,M
Klever,M
Rafael,M
Eleuterio,M
Ramon,M
Carlos,M
Samuel,M
Eric,M
Dan,M
Jeffery,M
Leonard,M
Tom,M
Karl,M
Ken,M
Ihor,M
Gao,M
Howard,M
Mamtora,M
Rob,M
Ronald,M
Herbert,M
Fred,M
Ron,M
Marco,M
Gerry,M
Mario,M
Greg,M
Saher,M
Taeho,M
Sebastian,M
Rick,M
Brian Geoffrey,M
Shawn,M
Lemus,M
Harpreet,M
Jay,M
Wayne,M
Donnell,M
Alexander,M
Dyan,M
Boris,M
Mekhel,M
Derek,M
Mandar,M
Samier,M
Santos,M
Tomas,M
Vic,M
Nick,M
Nii,M
Marino,M
Omar,M
Freddy,M
Janusz,M
Clarence,M
Craig,M
Andres,M
Luis,M
Sean,M
Chuck,M
Ryan,M
Ezequiel,M
Keishan,M
Glen,M
Thomas R.,M
Allan,M
Doug,M
Erick,M
Don,M
Vincent,M
Wing Keung,M
Wai Lun,M
Eddie,M
Takshin,M
Kyei,M
Ermek,M
Jorge,M
Jerry,M
Syed,M
Lear,M
Vijay,M
Jagdish,M
Eddy,M
Rasheed,M
Norman,M
Neil,M
Zhang,M
Adrian,M
Keit,M
Randi,M
Toru,M
Pablo,M
Young,M
Clifton,M
Eliron,M
Tung,M
Hyun,M
Neal,M
Hank,M
Lee,M
Renae,M
Chen-Wen,M
Leon,M
Moonrad,M
Bob,M
Pratik,M
Israel,M
Mukaram Fida Ali,M
Arthur,M
Pete,M
Auriberto,M
Evangelos,M
Yusuf,M
Douglas,M
Martin,M
Avis,M
Spencer,M
Kennedy,M
Hermenegildo,M
Jean,M
Jodany,M
Joseph R,M
Lynn,M
Shelton,M
Saul,M
Neftali,M
Harold,M
Hiroshi,M
Perag,M
Charlie,M
Victor,M
Rudy,M
Randy,M
Nicolas,M
Al,M
Syful,M
Daphnea,M
Alfonso,M
Bryan,M
Paolo,M
Guilherme,M
Wade,M
Fabiano,M
Djamel,M
Prakash,M
Rashid,M
Chun Lei,M
Fahad,M
Will,M
Edwin,M
Andy,M
Tim,M
Adenrele,M
Miguel,M
Ronnie,M
Brendan,M
Darrell,M
Golan,M
Dickon,M
Tooneshwar,M
Guillermo,M
Alex Souza,M
Zakari,M
Fidencio,M
Alf,M
Rolando,M
Hector,M
Glem,M
Jesus,M
Procoro,M
Abhishek,M
Ricardo,M
Olag,M
Isamu,M
Katsuhiko,M
Motomitsu,M
Odysseus,M
Wataru,M
Hiroyuki,M
Hisao,M
Kouji,M
Masato,M
Takamitsu,M
Yuichiro,M
Masami,M
Tomoyuki,M
Akiyama,M
Takashi,M
C K,M
Tsutomu,M
Toshizazu,M
Toshihiro,M
Wada,M
Jun,M
Masanari,M
Shuhei,M
Osamu,M
Yosuke,M
Yoshitaka,M
Tsuyoshi,M
Shunsuke,M
Takahiro,M
Hiroo,M
Katsuo,M
Makoto,M
Yuen,M
Yusef,M
Jarvis,M
Diego,M
Asif,M
Azizur,M
Musa,M
Zainab,M
Bharat,M
Ashwini,M
Mahmood,M
Faizan,M
Jimmy,M
Abbott,M
Alex,M
Abhijit,M
Chao-Cheng,M
Ted,M
Rudolph,M
Oscar,M
Jake,M
Karyn,M
Ceaser,M
Adeniyi,M
Samson,M
Ababacar,M
Roger,M
Perry,M
Brett,M
Isabella,M
Samir,M
Kehinde,M
Jackie,M
Felix,M
Donna,M
Jelila,M
Mastroianni,M
Olaniran,M
Claire,M
Yusuff,M
Chima,M
Roderick,M
Agostinho,M
Muda,M
Michi,M
Angel,M
Max,M
Jo,M
Len,M
Oluseguin,M
Eugenio,M
Sergio,M
Ngai,M
Ki,M
Brian J,M
Noe,M
Calum,M
Weike,M
Zahidal,M
Rabiya,M
Benny,M
Giuseppe Joe,M
Kostas,M
Abdullah Mohammed A,M
Ibrahim Ahmed I,M
Brent,M
NK,M
Jos,M
Hemendra,M
Leigh,M
Phil,M
Claudio,M
Blake,M
Minder,M
Warren,M
Kunio,M
Chin-Jen,M
Ryu,M
Sorin,M
Yasuchika,M
Katsuaki,M
Mea,M
Lucy,M
Phillip,M
Burton,M
Lina,M
Vanessa,M
Michele,M
Ilaria,M
Charlotte,M
Daniela,M
Linda,M
Aubrey,M
Giuseppe,M
Mamoni,M
Zafar,M
Ellie,M
Kazeem,M
Qazzafi,M
Valerie,M
Yakuba,M
Rose,M
Badraa,M
Neville,M
Tseveen,M
Emma,M
Aster,M
Tunde,M
Ophelia,M
Nang,M
Nikky,M
Adeyinka,M
Oforiwaa,M
Justice,M
Olatokunbo,M
Wilson,M
Reg,M
Ellis,M
Amine,M
Razak,M
Ruby,M
Ramesh,M
Justyna,M
Ray,M
Asikia,M
Sigita,M
Harry,M
Ra,M
Ajit,M
Clinton,M
Gladys,M
Kelly,M
Robin,M
Laetitia,M
Sue,M
Agneska,M
Aurimas,M
Vaida,M
Abiodun,M
Yoshito,M
Kimiko,M
Gordon,M
Masaya,M
Kaori,M
Antje,M
Keiko,M
Fume,M
Mariko,M
Abhay,M
Rika,M
Yuji,M
Mika,M
Sonoko,M
Kenichi,M
Nobuya,M
Nobuaki,M
Naoki,M
Reiko,M
Fumiyuki,M
Kozo,M
Junya,M
Akiko,M
Shizuo,M
Matsunaga,M
Hidehito,M
Miho,M
Shinjiro,M
Daren,M
Rafal,M
Roksana,M
Rita,M
Edgar,M
Toma,M
Tracie,M
Nawar,M
Mashael,M
Shaikhah,M
Rajan,M
Phong,M
Alle,M
Margaret,M
Ana,M
Indranil,M
Randal,M
Jan,M
Sundar,M
Todd,M
Mary,M
Masako,M
Tamara,M
Jaime,M
Chiharu,M
Timothy,M
Weyinmi,M
Tito,M
Janet,M
Jeff,M
Katie,M
Keven,M
Vitus,M
Irving,M
Garry,M
Jennylette,M
Cecilia,M
Dee,M
Diane,M
Rosa,M
Kyle,M
Hirotsugu,M
Tracy,M
Nobuko,M
Stefan,M
Cai,M
Anna,M
Carle,M
Chihiro,M
Kiyomi,M
Hiroki,M
Yoshikatsu,M
Kanako,M
Ryoko,M
Hayato,M
Yoshinori,M
Futoshi,M
Marlon,M
Hitomi,M
Eiko,M
Conchita Angeles,M
Atsushi,M
Michiko,M
Masakichi,M
Kyoko,M
Mintra,M
Miyuki,M
Noriaki,M
Ryo,M
Miyake,M
Izumi,M
Miwako,M
Yasue,M
Nozomi,M
Noriko,M
Mohammed,M
Yuka,M
Nanae,M
Flordelis,M
Tyler,M
Yasuyo,M
Ryuichi,M
Elvis,M
Stanley,M
Maria,M
Lauren,M
Kathleen,M
Leonardo,M
Diana,M
Cornell,M
Desmond,M
Amy,M
Puji,M
Nga,M
Dinari,M
Gareth,M
Bonnie,M
Ira,M
Arai,M
Seth,M
Begdouri,M
Shirley,M
Mehmat,M
Harjas,M
Satish,M
Karen,M
Mart,M
Eleazar,M
Rama,M
Sonia,M
Chenna Kesava,M
Garth,M
Anne,M
Venkata,M
Juana,M
Leo,M
Gemma,M
Floyd,M
Loan,M
Nicholas,M
Noah,M
Dustin,M
Gabriela,M
Ignacio,M
Purcell,M
Minaksi,M
Ross,M
Mokesh,M
Linus,M
Ramakrishnan,M
Salim,M
Sayaka,M
Kate,M
Siva Kumar,M
Turner,M
Hai,M
Lindsey,M
Aku,M
Ann,M
Kenya,M
Rachel,M
Chad,M
Harvey,M
Leland,M
Jenny,M
Wen-Ling,M
Randolph,M
Rigoberto,M
Lori,M
Zayed,M
Faiz,M
Bentley,M
Wendy,M
Dilip,M
Joyce,M
Somsak,M
Kingsley,M
Garrett,M
Darryl,M
Sable,M
Martha,M
Isa,M
Manoj,M
Laura,M
Eli,M
Anand,M
Jawad,M
Alfred,M
Isaac,M
Ajay,M
Shahir,M
Nigel,M
Dharmesh,M
Priti,M
Bhuvan,M
Alejandro,M
Ricky,M
Sotirios,M
Jordan,M
Shivani,M
Guy,M
Jessie,M
Anil,M
Andre,M
Manuel,M
Emran,M
Leah,M
Gabriel,M
Wilver,M
Louis,M
Panos,M
Ruiz,M
Songpon,M
Lokesh,M
Bliss,M
Zahid,M
Sanaphay,M
Kitti,M
Shirtsan,M
Nithinana,M
Nikom,M
Biorhan,M
Anders,M
Troy,M
Eugene,M
Rajiv,M
Shiv,M
Yat Ho,M
Pranav,M
Chayan,M
Samarth,M
Subhasis,M
Dhiraj,M
Yuvaraj,M
Renato,M
Menendez,M
Deepranjan,M
Mayur,M
Darin,M
Akhtarur,M
Lupe,M
Omer,M
T.G,M
Derhim,M
Parminder,M
Giancarlo,M
Cristian,M
Rodello,M
Zach,M
Vance,M
Iain,M
Demosthenes,M
Dieter,M
Alois,M
Nicolai,M
Dharmaraj,M
Jack John,M
Shirland,M
Aris,M
Bruno,M
Leonel,M
Shoail,M
Jei,M
Takeshi,M
Satoshi,M
Noboru,M
Jae,M
Sanjay,M
Verlon,M
Herminio,M
Po Shan,M
Mahesh,M
Bernie,M
Yannick,M
Hideo,M
Fernando,M
Luke,M
Miroslav,M
Dhawal,M
Rocky,M
Wah,M
Willie,M
Sidney,M
Azmar,M
Kaelyn,M
Jarred,M
Declan,M
Teofanes,M
Benjamin,M
Trini,M
Gavin,M
San Van,M
Stan,M
Marwan,M
Diosdado,M
Olin,M
Shane,M
Alistair,M
Sumit,M
Rupal,M
Casey,M
Enoch,M
First11,M
Rockson,M
Mohamed Halim Bin,M
Mahdi,M
Jayesh,M
Salvador,M
Jurgen,M
Aurthur,M
Robb,M
Johannes,M
Yousef,M
Julius,M
Cristiano,M
Behzad,M
Olumide,M
Emmanuel,M
Sakon,M
Moshood,M
Ernesto,M
Balthazar,M
Nupur,M
Jeremiah,M
Mani,M
Regis,M
Renzo,M
Joe,M
Moshe,M
Konstantinos,M
Sally,M
Gerard,M
Alvin,M
Siu Chin,M
Blair,M
Sal,M
Mairco,M
Siddappa,M
Ibrahim,M
Reynaldo,M
Juan Manuel,M
Dante,M
Kasey,M
Terrence,M
Hans,M
Taofeek,M
Khaia,M
Ralph,M
Sava,M
Miller,M
Andreas,M
Flamur,M
Bart,M
Aydin,M
Francisco,M
Mohamed,M
Melbourn,M
Richmond Stewart,M
Bigham,M
Bates,M
Zachary,M
Graham,M
Corey,M
Alexey,M
Stockholm,M
Jacob,M
Arturo,M
Josh,M
Johnny,M
Santana,M
Bhavesh,M
Cecil,M
Loulie,M
Mariusz,M
Maurice,M
Real,M
Melvin,M
Frederick,M
Yoseif,M
Raymond,M
Sai-Yin,M
Onur,M
Aly,M
Swick,M
Manu,M
Saptarshi,M
Martyn,M
Walker,M
Smith,M
Gilbert,M
Boubacar,M
Hemant,M
Kuldeep,M
Mathew,M
Gurbachan,M
Giles,M
Nathan,M
Godwin,M
Lake,M
NG,M
Catech,M
Stuart,M
Mick,M
Manny,M
Adbul,M
Edouardo,M
Dean,M
Harjinder,M
Mendhi,M
Mauricio,M
Femi,M
Jovan,M
Munam,M
Ernest,M
Ketan,M
Ademola,M
Okoye,M
Robbie,M
Abdul,M
Yun Sang,M
Ololade,M
Vyacheslav,M
Gagan Deep,M
Domingo,M
Javier,M
Gil,M
Rogelio,M
No Shik,M
Bora,M
Valentin,M
Rustom,M
Usman,M
Jordon,M
Ali,M
Giuliano,M
Brunetti,M
Anthonio,M
Kamchuen,M
Andriejus,M
Yuta,M
Yagi,M
Koji,M
Tatuo,M
Toshinori,M
Takao,M
Masaharu,M
Satoru,M
Yasushi,M
Hideto,M
Melkam,M
Murat,M
Lazaros,M
Kunil,M
Gregor,M
J,M
Ashley,M
Clive,M
Anke,M
Mohammad,M
Menachem,M
Webber,M
Bent,M
Saleh Ali,M
Terencio Rudy,M
Rodemiro,M
Gianmatteo,M
Mouzzim,M
Stefano,M
Rahul,M
Krzysztof,M
William S.,M
Kris,M
Joey,M
Chieko,M
Tomoko,M
Saddiq,M
Maksat,M
Gustavo,M
Dmitriy,M
Angelo,M
Gongyue,M
Julio,M
Erhfei,M
Marcelo,M
Malik,M
Rob Kapito,M
Ardell,M
Alexandre,M
Kirill,M
Emilio,M
Francesco,M
Esiquio,M
Chen,M
Jung Yul,M
Choi-Kwai,M
Eloy,M
Edvin,M
Nader,M
Hanzel,M
Jared,M
Jovanny,M
Hema,M
Hata,M
Watanabe,M
Nakayama,M
Takezawa,M
Leong,M
Prabhakar,M
Khaled,M
Rodrigize,M
Uriel,M
Tan,M
Tan Kim,M
Arvind,M
Deepakn,M
Jayendra,M
Makardhawaj,M
Raghunandan,M
Raju,M
Santosh,M
Sunil,M
Tommaso,M
Akira,M
Kiyotaka,M
Katsuyoshi,M
Kiyotoshi,M
Shoichi,M
Yoshiaki,M
Deepjoy,M
Dharam,M
Gaya,M
Lakshmikant,M
Mukesh,M
Pappu,M
Pramod,M
Praveen,M
Pritam,M
Rajpal,M
Saurabh,M
Shekhar,M
Bladimy,M
Roland,M
Baafour,M
Austin,M
Delroy,M
Besmir,M
Dimere,M
Antonio Jose,M
Cameron,M
Grzegorz,M
Campbell,M
Suraj,M
Connor,M
Ike,M
Sammy,M
Digby,M
Cy,M
Minhaj,M
Krishna,M
Joao,M
Elijah,M
Adel,M
Arjun,M
Josias,M
Zack,M
Humera,M
Doxen,M
Sande,M
Yixing,M
Shaheen,M
Oladipo,M
Bilal,M
Jean-Paul,M
Jeroen,M
Jitesh,M
Sharana Kumar,M
Grant,M
Jaroslaw,M
Ashok,M
Bittan,M
Jayveer,M
Lalit,M
Mahendra,M
Rakseh,M
Saroj,M
Shailender,M
Shivanshu,M
Raouf,M
Felipe,M
Parken,M
Bwarya,M
Chun-Lei,M
terry,M
Wulf,M
Wellington,M
Irwin,M
Masroor,M
Gerald,M
Randall,M
Gentry,M
Bradford,M
Indra,M
Clifford,M
Courtney,M
Padraic,M
G,M
Pallo,M
Willard,M
Gerardo,M
Tomasz,M
F,M
Dwayne,M
Vitaly,M
Christos,M
Khris,M
R,M
Kennard,M
Geoffrey,M
Wing,M
Otto,M
Knut,M
Sundance,M
W,M
Elizabeth,M
Kristie,M
Arps,M
Tucker,M
Peggy,M
Erica,M
Melissa,M
Jennifer,M
T,M
Phyllis,M
Susan,M
Carolyn,M
Xu,M
Kedran,M
Gloria,M
Tanna,M
Angela,M
Joanne,M
C,M
Cheri,M
Jill,M
Chanmaly,M
Monica,M
Brittany,M
E,M
Victoria,M
Kai,M
Siu,M
Llewelyn,M
Stephanie,M
Jemma,M
Shivashish,M
Jules,M
Morgan,M
Izelle,M
Venu,M
Masaki,M
Allen,M
Asher,M
Alvi,M
Anish,M
Rohan,M
Yiukong,M
Luen,M
Shai,M
Herve,M
Yuval,M
Nakhil,M
Erik,M
Dushyant,M
Earl,M
Benedict,M
Wei-Ming,M
Sandor,M
Ording,M
Christophe,M
Amitoj,M
Abhishesh,M
Dickson,M
Dylano,M
Ashkan,M
Ammar,M
Anuj,M
Ade,M
Aki,M
Akuette,M
Aditya,M
Amar,M
Leslie,M
Avian,M
Abdulla Farhan,M
Aadil,M
Aakash,M
Ambrish,M
Amir,M
Malcolm,M
Abirami,M
Anoop,M
Azhar,M
Alvaro,M
Artur,M
Asad,M
Akshay,M
Ahmad,M
Alek,M
Adnan,M
Abhilash,M
Adrien,M
Ashish,M
Aziz,M
Anirban,M
Akhilesh,M
Arun,M
Alberto,M
Abdou,M
Anup,M
Nate,M
Shintaro,M
Anson,M
Alhad,M
Kojo,M
Ankit,M
Abhijeet,M
Avinash,M
Abinash,M
Aleksandr,M
Abhigyan,M
Abhay Kumar,M
Alden,M
Arvin,M
Aliasger,M
Aviraj,M
Aqeel,M
Abhinav,M
Angus,M
Arpit,M
Ashwin,M
Aidan,M
Andrea,M
Amol,M
Amardeep,M
Aneesh,M
Claus,M
Avi,M
Avilon,M
Diji,M
Anurag,M
Amadeo,M
Aviv,M
Arnold,M
Drew,M
Akbar,M
Aiden,M
Arlen,M
Adamo,M
Alexis,M
Artak,M
Anshu,M
Akash,M
Amey,M
Aloke,M
Ahmadu,M
Afshin,M
Aseem,M
Agam,M
Amay,M
Agustin,M
Akshit,M
Aric,M
Abraham,M
Alain,M
Adalbert,M
Arjan,M
Mashuk,M
Auric,M
Tripp,M
Amish,M
Altaf,M
Alakh,M
Asa,M
Arsalan,M
Amyn,M
Amon,M
Ajeet,M
Anubhav,M
Akshaya,M
Assaf,M
Ari,M
Jalal,M
Ahmed,M
Adeel,M
Azar,M
Alphan,M
Arno,M
Ankush,M
Arkady,M
Adit,M
Arran,M
Al-Karim,M
Armando,M
Wasim,M
Shibu,M
Elliot,M
Aryeh,M
Arvi,M
Alisdair,M
Alberk,M
Almas,M
Alok,M
Allen D,M
Alyx,M
Archith,M
Ash,M
Anmol,M
Arie,M
Alston,M
Amarendra,M
Atit,M
Jean-Luc,M
Orlando,M
Anderson,M
Atul,M
Avnish,M
Anirudh,M
Abram,M
Aleksey,M
Ajmal,M
Amit Kumar,M
Amber,M
Amit 1,M
Amitesh,M
Amninder,M
Bashar,M
Abrar,M
Abdallah,M
Amitabh,M
Armistead,M
Aswini,M
Braden,M
Dirk,M
Kahn,M
Anupam,M
Deepam,M
Akihiko,M
Rashmi,M
Avik,M
Andrei,M
Aniket,M
Andrey,M
Amrinder,M
Anshul,M
Premachandra,M
Innes,M
Aung Sann,M
Ashutosh,M
Anilkumar,M
Alkesh,M
Aadarsh,M
Antti,M
Allyn,M
Alfredo,M
Srikanth,M
Arif,M
Alexei,M
Takuya,M
Abdul Mutallib,M
Carlo,M
Aanand,M
Azeem,M
Kazuhiro,M
Ryuji,M
Angad,M
Aravinda,M
Aristo,M
Noel,M
Aslam,M
Akiva,M
Aloysius,M
Borden,M
Byron,M
Navneet,M
Suresh,M
Adi,M
Akshar,M
Aptha,M
Aleksander,M
Assad,M
Aryaman,M
Lachlan,M
Animesh,M
Riley,M
Anshumaan,M
Antony,M
Aswartha,M
Aayush,M
Conrad,M
Ambesh,M
Ashit,M
A. David,M
Ata,M
Rene,M
Argelio,M
Akshat,M
Augusto,M
Areeb,M
Alton,M
Fredrik,M
Ayush,M
Akihiro,M
Ahmet,M
Ajibade,M
Sohail,M
Azaz,M
Huw,M
Ryann,M
Derk,M
Curts,M
Malachy,M
Paras,M
Duncan,M
Naoto,M
Liam,M
Tariq,M
Ajax,M
Ric,M
Mo,M
Emiko,M
Madhavi,M
Yasunori,M
Nathaniel,M
Guido,M
Vivek,M
Deepak,M
Hubert,M
Morris,M
Rod,M
Ianthus,M
Yuko,M
Yumi,M
My,M
Jamal,M
Naoko,M
Bhavick,M
Rao,M
Fenty,M
Saffet,M
Mutsko,M
Emer,M
Kentaro,M
Anupa,M
Pankaj,M
Alka,M
Sivatharsiny,M
Sharad,M
Tushar,M
Ryoichi,M
Balasubramanyam,M
Jawahar,M
Divya,M
Balasubrahmanyam,M
Rory,M
Shivaprasad,M
Raffaele,M
Bineet,M
Burke,M
Diljit,M
Chaz,M
Breen,M
Baddar,M
Bader,M
Bimal,M
Benoit,M
Brandon,M
Basit,M
Diraj,M
Geraldine,M
Sanjeev,M
Suvra,M
Deji,M
Julien,M
Florian,M
Jyotin,M
Nanditha,M
Pallav,M
Calvin,M
Bishmaya,M
Cherry,M
Bisaul,M
Bipin,M
Bernard,M
Bartholomew,M
Binoy,M
Bachir,M
Bjorn,M
Bikram,M
Brandt,M
Benedick,M
Brooks,M
Billy,M
Briggs,M
Brandyn,M
Bakhos,M
Niall,M
Dandie,M
Sadrack,M
Meghan,M
Tarik,M
Bhavin,M
Bahvneet,M
Basawraj,M
Benety,M
Kabir,M
Rohit,M
Rajat,M
Baoniu,M
Shyam,M
Girish,M
Sachin,M
Simran,M
Vinayak,M
Balaji,M
Bret,M
Swapnil,M
Eliot,M
Birajpal,M
Bryce,M
Bikash,M
Arnaud,M
Botao,M
Bishwajeet,M
Boon,M
Bence,M
Bharadwaj,M
Bilen,M
Aymeric,M
Kennie,M
Bish,M
Mac,M
Bhupesh,M
Bogdan,M
Mathias,M
Broderick,M
Bhaskar,M
B Chandrashekar,M
Bassel,M
Phani,M
Surendra,M
Gilles,M
Boon Gang,M
Manjunath,M
Bhargava,M
Anastasios,M
Bennett,M
Mustafa,M
Badrish,M
Bijan,M
Biran,M
Bala,M
Bhaveel,M
Bhawan,M
Dimitri,M
Griffin,M
Bryn,M
Jeppe,M
Tina,M
C. Dee,M
Brock,M
Bobbi,M
Billie,M
Bhoopendra,M
Beniam,M
Bhavik,M
Boddeda,M
Bhushan,M
Bo,M
Bardhi,M
Balasundaram,M
Babak,M
Bertram,M
Borko,M
Binny,M
Bill Alan,M
Carlton,M
Melanie,M
Marshall,M
Brajendra,M
Clement,M
Cvjetko,M
Lou,M
Ciro,M
Carmelo,M
Boon Chong,M
Christine,M
Chetan,M
Aries,M
C.,M
Crispin,M
Caithan,M
Jon-Paul,M
Dale,M
Donal,M
Neill,M
Callum,M
Korey,M
Chandrachur,M
Coo,M
Casimir,M
Corey A.,M
Conor,M
Chintan,M
Cory,M
Celso,M
Jovi,M
Cliff,M
Cole,M
Clayton,M
Conan,M
Ciaran,M
Chirag,M
Cody,M
Chandrabhanu,M
Constantine,M
Cornelie,M
Carey,M
Charitha,M
Curt,M
Benevolence,M
Rangana,M
Chuan Yi,M
Chi-Kong,M
Claude Vincent,M
Colm,M
Carsten,M
Chee Yang,M
Carter,M
Choon Woo,M
Andersen,M
Chang,M
Cag,M
Lin Yun,M
Po-Hao,M
Vinod,M
Woei,M
Lam Yuen,M
Dominic,M
Reggie,M
Sudeep,M
Shantanu,M
Roopak,M
Amilcar,M
Chandan,M
Kartik,M
Sornakumar,M
Herman,M
Hering,M
Yude,M
Deepu,M
Sib,M
Priscilla,M
Naresh,M
Chi-On,M
Mugilan,M
Chi,M
Caspar,M
Christin,M
Jihwan,M
Hong,M
Million,M
Benjamen,M
Quinlin,M
Christoph,M
Donato,M
Emeka,M
Chheda,M
Chan,M
Cid,M
Christo,M
Darryn,M
Camerson,M
Abi,M
Carmine,M
Chun,M
Cleveland,M
Cong,M
Coby,M
Davy,M
Cristobal,M
Collen,M
Fletcher,M
Giovanni,M
Denise,M
Luca,M
Cao,M
Pasquale,M
Domenic,M
Cuong,M
Cathal,M
Del,M
Kimo,M
Chanan,M
Cary Paul,M
Collin,M
Mattias,M
Clint,M
Dino,M
Colton,M
Chi-Pang,M
Chintu,M
Claude,M
Carlito,M
C. Dale,M
Norris,M
Coenraad,M
Chas,M
Cooper,M
Chrissy,M
C. Michael,M
Claudius,M
Kristopher,M
Chet,M
Cordell,M
Cyril,M
Cheng,M
Denis,M
Varun,M
Mak,M
Aled,M
Alun,M
Haydn,M
Davide,M
Toussaint,M
Naozer,M
Debajit,M
Javed,M
Dmitri,M
Marcy,M
Nancy,M
Kurt,M
Dahir,M
Dheendayal,M
Gino,M
Dev,M
Dakshesh,M
Vince,M
Josephine,M
Deepesh,M
Manabendra,M
Nandan,M
Samaj,M
Kieron,M
Dheeraj,M
Dugal,M
Darshan,M
Devjit,M
Debasish,M
Dillon,M
Dharmendra,M
Dnyaneshwar,M
Dariusz,M
Damian,M
David CM,M
Dhanraj,M
Danish,M
Dhananjay,M
Durgesh,M
Dylan,M
Darron,M
Devonne,M
Diboo,M
Digin,M
Devbrat,M
Derrick,M
Devin,M
Muzahir,M
Guillaume,M
Naphtali,M
Jasmine,M
Feargal,M
Deovrat,M
Devon,M
Devender,M
Deyun,M
Donni,M
Dwight,M
Dinesh,M
Dhaval,M
Daron,M
Divansh,M
Dmitry,M
Dhruv,M
Dominique,M
Darrel,M
Duane,M
Oumar,M
Di,M
Hanspeter,M
M. Scott,M
Dipen,M
Dipak,M
Divyadarshan,M
Tanipar,M
Dorwyn,M
Dane,M
Devashish,M
Duc,M
Dimitry,M
Dick,M
JONATHAN,M
Jiten,M
Mehrdad,M
Marcel,M
Michel,M
Pascal,M
STEVEN,M
Sketchley,M
Vikash,M
Divneet,M
Devan,M
Damir,M
Datchina,M
Deelpesh,M
Daouda,M
Dana,M
Jefferson,M
Umang,M
Dong Cheol,M
Dokyun,M
Donghao,M
Donnie,M
Jiwei,M
Surjit,M
Cemal,M
Damilola,M
Julian,M
Debashish,M
Dima,M
Dario,M
Dorian,M
SCOTT,M
Dewi,M
Dillen,M
Dildeep,M
Dedrick,M
Daniele,M
Daman,M
Denny,M
Darko,M
Daisuke,M
Divyesh,M
Dhirendra,M
Deependra,M
Dominick,M
Dilpreet,M
Santosh Kumar,M
Didier,M
D'Olivera,M
Mickey,M
Dov,M
DeYun Dean,M
Dina,M
Daishi,M
Yatharth,M
Darrick,M
Dae Man,M
Deniz,M
Elie,M
Eduard,M
Elahd,M
Eberton,M
Edmund,M
Eamon,M
Eduardo,M
Clark,M
Teddy,M
Emerson,M
Edouard,M
Ewan,M
DJ,M
Efthymios,M
Edmond,M
Eliott,M
Takaaki,M
Eun Woo,M
Elias,M
Elan,M
Eamonn,M
Matias,M
Eran,M
Ehsan,M
Ned,M
Eiichiro,M
Eiji,M
Ethan,M
Elliott,M
Everade,M
Eoin,M
Terence,M
Ervin,M
Erion,M
Essakimuthu,M
Eshwar,M
Emmet,M
Enda,M
Elton,M
Eleizer,M
Harikishan,M
Elad,M
Eriberto,M
Eytan,M
Erkin,M
Erhan,M
Ernie,M
Ely,M
Eitan,M
Chito,M
Reza,M
Ek Pon,M
Erwin,M
Evgeny,M
Erkan,M
Fahrulrazi,M
Odunayo,M
Diogo,M
Faisal,M
Hugh,M
Benedetto,M
Filippo,M
Bing,M
Clare,M
Graeme,M
Farhan,M
Feizal,M
Fan,M
Franklin,M
Fabrice,M
Filippos,M
Franck,M
F. Howard,M
Cato,M
Fengnan,M
Clarke,M
Maurizio,M
Jessica,M
Nicco,M
Feng,M
Vladimir,M
Andrej,M
Achim,M
Clemens,M
Gerrit,M
Helder,M
Joachim,M
Florin,M
Marcin,M
Federico,M
Feroj Ali,M
Thibaut,M
Faraz,M
Damien,M
Forrest,M
Fumiki,M
Fayaz,M
Frederic,M
Feilong,M
Festus,M
Franzel,M
Fons,M
Fabian,M
Faheem,M
Atif,M
Flavio,M
Anushka,M
BRIAN,M
Fawzi,M
Dipesh,M
Dhiren,M
Fan Ru,M
Filip,M
Gonzalo,M
Guibin,M
Goncalo,M
Hampus,M
Himanshu,M
Hussein,M
Hugo,M
Huub,M
Farjad,M
Jean Gabriel,M
Karol,M
Laurent,M
Martijn,M
Maarten,M
Mitesh,M
NICK,M
NIALL,M
Olamide,M
Halsey,M
Pierre,M
Piotr,M
Plamen,M
Quintin,M
Rishi,M
Shomik,M
Sandy,M
Teo,M
Fidel,M
Wolfram,M
Yogesh,M
Ajo,M
Bosco,M
Francois-Xavier,M
Fedir,M
Fraser,M
Abe,M
Corin,M
Finbarr,M
Fei,M
Fatih,M
Fausto,M
Akinari,M
Kei,M
Osmar,M
Toshiyuki,M
Iori,M
Masahiro,M
Seiichi,M
Fundador,M
Fusheng,M
Floris,M
Chi-Chi,M
Fumiya,M
Kalvin,M
Gulsher,M
Gimmi,M
Gaurav,M
Gang,M
Oreste,M
Gregg,M
Giorgio,M
Marjan,M
Prabhat,M
Gagan,M
Gangeyan,M
Michelle,M
Grigor,M
Govind,M
Tola,M
Gagandeep,M
Gangadhar,M
Godfred,M
German,M
Gio,M
Gene,M
Gianluca,M
Gautam,M
Zhiyu,M
Gadi,M
Geordy,M
Gei,M
DAVE,M
Jens,M
Joby,M
Gasper,M
G. Patrick,M
Gacobi,M
Greer,M
Hock Chuan,M
Ollie,M
Raife,M
Panayotis,M
Raphael,M
Ritchie,M
Guttorm,M
Babs,M
Christyan,M
DAMIAN,M
Finbar,M
Hoa,M
Jude,M
Goran,M
Heramb,M
Sherod,M
Go,M
Sven,M
Vishal,M
Ganesh,M
Ganeshan,M
Gaurang,M
Guy-Richard,M
Yinka,M
Geza,M
Gabe,M
Ginwing,M
Giovane,M
Gurpreet,M
Gunavantha,M
Gorden,M
Gopalan,M
Garo,M
Gorav,M
Colleen,M
Shailendra,M
Gopendra,M
Morne,M
Abhishake,M
Norwen,M
Nelson,M
Gad,M
Mohan,M
Gurjit,M
Girishchandra,M
Guntur,M
Giridhar,M
Gopalakrishnan,M
Giulio,M
Austen,M
Derick,M
Sunny,M
Thom,M
Bepi,M
Gandepalli,M
Elisha,M
Frazer,M
Helena,M
Hassan,M
Gopal,M
Jocelyn,M
Johan,M
Kashif,M
Kein,M
Luka,M
Miles,M
Nishil,M
Grigory,M
Philipp,M
Renay,M
Guru,M
Rupert,M
Stewart,M
Shahbaz,M
Wesley,M
Xavier,M
Zouhair,M
Gopichand,M
Nageswararao,M
Bernhard,M
Arnel,M
Gujri,M
Risal,M
Burak,M
Guang,M
Hari,M
Gurjeet,M
Roman,M
Gert-Jan,M
Murrey,M
Hakim,M
Haibo,M
Ilir,M
Harsh,M
Han,M
Minh,M
Al-Hazen,M
Hamad,M
Mitchell,M
Gunnar,M
Hanbin,M
Hardesh,M
Imran,M
Alison,M
Brendon,M
Harishchandra,M
Tamotsu,M
Harnish,M
Harish,M
Asako,M
Hozefa,M
Harrison,M
Akitaka,M
Dinah,M
Hitesh,M
Hughes,M
Hanley,M
Hong Boon,M
Harjaap,M
Hao Wen,M
Henley,M
Huning,M
Hemal,M
Haroldo,M
Hasani,M
Cormac,M
Hasnain,M
Rachelle,M
Hansel,M
Heinz,M
Hisham,M
Hendrik,M
Hiren,M
Harris,M
Hernan,M
Huy,M
Haruhiko,M
Heath,M
Ryochi,M
Amos,M
Hidenori,M
Ryoei,M
Tomoyoshi,M
Yukio,M
Hitarth,M
Hien,M
Harjeet Singh,M
Henri,M
Hideaki,M
Hironaga,M
Hamza,M
Hock Lee,M
Hardik,M
Hitoshi,M
Harsha,M
Handrix,M
Hal,M
Haruo,M
Harikrishna,M
Habeeb,M
Hans Christian,M
Hidetaka,M
Himadri,M
Henny,M
Harshaprada,M
Hemang,M
Nasari,M
Dai,M
Haopeng,M
Hiroaki,M
Hiro,M
Alec,M
Amanda,M
Hirotaka,M
Hollis,M
J.Jason,M
Jillian,M
Junichi,M
Anton,M
Masaomi,M
Kazutaka,M
Keiichiro,M
Herlindo,M
Vinny,M
Thorsten,M
Andriy,M
Nadeem,M
Vinh,M
Hiram,M
Hatim,M
Huapeng,M
Hans-Jurgen,M
Heinrich,M
Hussain,M
Harel,M
Harshil,M
Hamidou,M
Hamel,M
Hooman,M
Hardeep Singh,M
Holger,M
Dean-Jean,M
Haijun,M
Hieu Chi,M
Henrik,M
Heiko,M
Hirohisa,M
Marlowe,M
Ilian,M
Issa,M
Ferdinand,M
Ineya,M
Indrajit,M
Muriele,M
Imdat,M
Ikenna,M
Iskander,M
Inga,M
Ishtaq,M
Ibrakhim,M
Lucio,M
Ilias,M
Ismail,M
Ishvinder,M
Irfan,M
Irshad,M
Ilan,M
Inyoung,M
Irshad Ahmed,M
Inge,M
Imteyaz,M
Ismael,M
Tetsuya,M
Iqbal,M
Velan,M
Keir,M
Issac,M
Ihab,M
Ilya,M
Ishaan,M
Igal,M
Ieuan,M
Ishan,M
Isao,M
Irvin,M
Toyoji,M
Ivo,M
Gardner,M
Istvan,M
Nikita,M
I. Michael,M
Isami,M
Rajagopal,M
Noor Izam,M
Jabmar,M
Jackson,M
Jagdeep,M
Kells,M
Jaiprakash,M
Jayson William,M
Jimi,M
Joerg,M
Jigar,M
Shahan,M
Jany,M
Jerome,M
Joshi,M
Jas,M
Jai,M
Anuruddha,M
Anu,M
Jitin,M
Jigyasu,M
Jakob,M
Jervis,M
J. Richard,M
Joscha,M
Jess,M
JeanCarlos,M
Jaskaran,M
Joon,M
Josiah,M
Quincy,M
Joydeep,M
Joost,M
Dias,M
Jacinto,M
J.,M
Juanderson,M
J. Mark,M
Ales,M
Philippe,M
Jeong,M
Jermie,M
Jewan,M
Janish,M
Joy,M
Janakiraman,M
Jamaal,M
Jeetendra,M
Juskurran,M
Jian,M
Jimit,M
Jiayang,M
Jitender,M
Jianzhuo,M
Jignesh,M
Jibie,M
JaeHoon,M
Jean-Baptiste,M
Jeevesh,M
Junji,M
Jyn,M
Jibran,M
Jayad,M
Jayant,M
Jotham,M
Jayanth,M
Jacques,M
Jie,M
Jaydeep,M
Jayson,M
Johnathan,M
Joyson,M
J.P.,M
Jerrie,M
Jithu,M
Josef,M
Griff,M
Jitendra,M
Joffrey,M
Corun,M
Parker,M
Jochen,M
Prashant,M
Crystal,M
Griffith,M
Rickard,M
Duke,M
Jun Wee,M
Jesto,M
Paresh,M
John Edward,M
Jehangir,M
Jithesh,M
Joogy,M
Janak,M
J. Dwight,M
Joseph J.,M
Jacky,M
Jonn,M
Jayaraj,M
Hein,M
Johney,M
Jaisimha,M
Jithin,M
Jedediah,M
Joa,M
Jean-Carlo,M
Jatin,M
Jishnu,M
Jano,M
Jarrid,M
Jiri,M
Jarl,M
Jata,M
Shelke,M
Jaspreet,M
Jainish,M
Juzer,M
Jinfeng,M
Joham,M
Jonathon,M
Tong,M
Jeremie,M
Jamael,M
Juergen,M
Jun Deok,M
Joeson,M
Ferian,M
Jair,M
Judson,M
Joffre,M
Josy,M
Jere,M
Jerrold,M
Beau,M
Johnnie,M
Junyi,M
Karim,M
Karan,M
Kapil,M
Chandra,M
Khalifa,M
Nithin,M
King Lun,M
Karmesh,M
Mahanti,M
Ayano,M
Shinji,M
Vineet,M
Kannan,M
Ward,M
Shreeraj,M
Kalpen,M
Amin,M
Kayur,M
Karna,M
Kai-Chung,M
Mikio,M
Harpal,M
Naoya,M
Shinichi,M
Keerthi,M
Kendal,M
Kiran,M
Kayler,M
Kanwar,M
Karn,M
Kunal,M
Cyrus,M
Kerwin,M
Kushal,M
Kanish,M
Kwang,M
Kothandaraman,M
Kaaran,M
Kaushal,M
Kanad,M
Keaton,M
keen Yong,M
Keyman,M
Chenna,M
Keshar,M
Mohammed Ishaque,M
Aneta,M
Kamron,M
Khalil,M
Kofi,M
Kunjesh,M
Khee Hong,M
Kelvin,M
Kazushige,M
Kwan,M
Jayesh P.,M
Keating,M
Kotaro,M
Ibrohim,M
Azweem,M
Katsumi,M
Shadab,M
Keita,M
Koen,M
Kareem,M
Mandhir,M
Ramneek,M
Frankweal,M
Khe,M
Kosuke,M
J. Todd,M
Minoru,M
Kishore,M
Dae,M
Susie,M
Kenji,M
Tawikarn,M
Keisuke,M
Khalid,M
Koichiro,M
Dodd,M
Yun Ki,M
Kamal,M
Kumel,M
Kamran,M
Khusheel,M
Kristian,M
Kin,M
Kiyoshi,M
Kedar,M
Kranthi,M
Uwe,M
K. Daniel,M
Kuang Sen,M
Kieran,M
King,M
Kempes,M
Kobie,M
Kouichi,M
Krish,M
Kajal,M
Kushagra,M
Lavin,M
Krishnaraj,M
Kanzo,M
Khilan,M
Phang,M
Kok Kuen,M
Karthik,M
Katya,M
Kush,M
Kumar,M
Kazunori,M
Fumio,M
Jiro,M
Athanasios,M
Mehul,M
S. P.,M
Ritesh,M
Sassi,M
Kyo,M
Jeyaram,M
Klaus,M
Kok Leong,M
Kazuhito,M
KC,M
W. Kirk,M
Kurtis,M
KL,M
Kenta,M
Khushal,M
Kaustubh,M
Kyaw,M
Kiet,M
Kunj,M
Dyson,M
Yash,M
Phaneendra Kumar,M
Rajesh,M
Rajeesh,M
Amritesh,M
K,M
Sundara,M
Taisaku,M
Arber,M
Masataka,M
Shoko,M
Hisashi,M
Masao,M
Seizo,M
Satoki,M
John M. Kuzan,M
Kaloyan,M
Lai,M
Kellan,M
Kosar,M
Lisa,M
Muthuraman,M
Nian,M
Jetinder,M
Kien,M
Linwood,M
Trent,M
Ajit Singh,M
Les,M
Liu,M
Lukas,M
Linjiang,M
Laurence,M
Lucas,M
Leandro,M
Laderick,M
Lloyd,M
Lohit,M
Linh,M
Lester,M
Boon Cheow,M
Chawoong,M
Sang,M
Weng,M
Lenny,M
Lei,M
Lakshmi,M
Lars,M
Ludovic,M
Wai,M
Garrie,M
LeTian,M
Levon,M
Leeroy,M
Landon,M
Larhonda,M
Lauritz,M
Lennaert,M
Haiwei,M
Salvatore,M
Boon Aik,M
Paisan,M
Chin,M
Yun,M
Wui-Ken,M
ROB,M
You-Liang,M
Viktor,M
Wanpei,M
Laukik,M
Lambert,M
Lalan,M
Lemuel,M
Lionel,M
Liang,M
Lincoln,M
Lorenz,M
Leighton,M
Leif,M
Balasridharan,M
Lewis,M
Long,M
Axel C C,M
Ritchard,M
Debbie,M
Lyndon,M
Luther,M
Luciano,M
Laikhram,M
Lingaraju,M
Logan,M
Laurie,M
Love,M
Lilian,M
Leonid,M
Lucian,M
Luiz,M
Remy,M
Lucheng,M
Lukasz,M
Fabien,M
Kamel,M
Wlodzimierz,M
Bryant,M
Luqman,M
Lino,M
Lin,M
Lajps,M
Mansoor,M
Mayank,M
Madhur,M
Syrekha,M
Vijay Kumar,M
Muluken,M
Katsu,M
Kiyohiro,M
Tamon,M
Rutger,M
Mariano,M
Emmalyn,M
Marcus,M
Moieed,M
Rezaul,M
Solomon,M
Agnes,M
Arindam,M
Kayvan,M
Pietro,M
Marion,M
Herardo,M
W. Keith,M
Ritula,M
Ingrid,M
Roopa,M
Chiranjeevi,M
Manjunatha,M
Marek,M
Murshed,M
Derryn,M
Maneesh,M
Nicolaas,M
Jose Leonardo,M
Rodolfo,M
Zlatko,M
Said,M
Manpreet,M
Muhammed,M
Nikki,M
Rhodri,M
Harpreet Singh,M
Maharsh,M
Miheer,M
Naonori,M
Ming Kei,M
Manas,M
Malick,M
Mirco,M
Mati,M
Mahammed,M
Marty,M
Muhammad,M
Milan,M
Lyle,M
Mar,M
Marcos,M
Marin,M
Deedee,M
Sarah,M
Paddy,M
Mehmet,M
Sahib,M
Munish,M
Ming,M
Min Yoon,M
Min,M
Mohit,M
Massamba,M
Alastair,M
Jed,M
Mitch,M
Matteo,M
Massimo,M
Andri,M
Monish,M
Masayuki,M
Maheep,M
Hirad,M
Mukund,M
Marian,M
Jozek,M
Michael C.,M
Mohan Raj,M
Mehul Manilal,M
Mergim,M
Remo,M
Saulo,M
Madhusudhan,M
michael,M
I. Martin,M
Ashique,M
Cian,M
Deane,M
Mat,M
Fergus,M
Ishtiyaq,M
Jorrick,M
Mugur,M
Henk,M
Nika,M
Neraj,M
Padraig,M
Taj,M
Murugan,M
Mandeep,M
Micah,M
Markus,M
Matyas,M
Milap,M
Mudassar,M
Mohd,M
Markos,M
Mayuresh,M
Masanobu,M
Arunmozhi,M
Akhil,M
Maxime,M
Adriano,M
Barath,M
Bhupendra,M
Ritwik,M
Clay,M
Chinmay,M
Daryn,M
Domenico,M
Govindraj,M
Balu,M
Mihir,M
Michael Q.,M
Hash,M
Jasper,M
Jacquie,M
Mikhail,M
Dijohns,M
Krishnan,M
Sanetoshi,M
Kamren,M
Lawrie,M
Nic,M
Masahiko,M
Manbir,M
Nobuhiro,M
Nazeer,M
Neelesh,M
Nikhil,M
Piyush,M
Prasant,M
Pravin,M
Ravikiran,M
Rupesh,M
Ruban,M
Mitsuhiro,M
Ramu,M
Rishabh,M
Sabanna,M
Mithun,M
Sirish,M
Ksheeraj,M
Saga,M
Umair,M
Somil,M
Jock,M
Sunil Kumar,M
Subhendu,M
Chaitanya,M
Tagore,M
Vaibhav,M
Veerpal,M
Virender,M
Vinay,M
Vishwas,M
Yasuo,M
Nobusuke,M
Takumi,M
Yingke,M
Zjelko,M
Miao,M
Maulik,M
Matin,M
Mangalrajan,M
Manabu,M
Barnaby,M
Corrado,M
Michiaki,M
Markian,M
Fabrizio,M
Milesh,M
Mujeeb,M
Ke Phuc,M
Majid,M
Mukunda,M
Mital,M
Michal,M
Maury,M
Riccardo,M
Damon,M
Meng,M
Mats,M
Meetul,M
Markle,M
Mano,M
Mindaugas,M
Murray,M
Matthias,M
Milind Ishwar,M
Madhu,M
Moe,M
Mohanraj,M
Mukhan,M
Mitul,M
Misael,M
Minhhoa,M
Osama,M
Sambeet,M
Moksh,M
Maikol,M
Moon Way,M
Mui,M
Clorevelle,M
Ugo,M
Skip,M
Teruki,M
Maarouf,M
Moritake,M
Bertrand,M
Maki,M
Mahimna,M
Murali,M
Chinedu,M
Maciek,M
Marisa,M
Magdalena,M
Moussa,M
Mehdi,M
Mikihiro,M
Margot,M
Marinus,M
Munyaradzi,M
Mujrul,M
Mohammad Tahir,M
Mikkel,M
Mateusz,M
Masanao,M
Manraj,M
Maynel,M
Marios,M
Masaichi,M
Sasikumar,M
Tomoaki,M
Lorcan,M
Narasimha,M
Bijesh,M
Matas,M
Minal,M
Mathieu,M
Minesh,M
Michitaka,M
Emmanouil,M
Martins,M
Jaishankar,M
Mouli,M
Nishant,M
Sreekanth,M
Yoshihide,M
Andrij,M
Govardhan,M
Seema,M
Hootan,M
Raghunath,M
Vinu,M
Kazuya,M
Hidefumi,M
Michito,M
Noriyasu,M
Spark,M
Nakul,M
Naveen,M
Preetham,M
Nanda,M
Narendra,M
Napendra,M
Naren,M
Narayan,M
Venkat,M
Navnit,M
Shrinivas,M
Neven,M
Nadim,M
Nilanjan,M
Nicomedes,M
Nagaraj,M
Nirmalya,M
Nilesh,M
Nimish,M
Norm,M
Nicola,M
Nilav,M
Nagaraju,M
Newton,M
Nirdesh,M
Navish,M
Narendra Babu,M
Nagesh,M
Neeraj,M
Noor,M
Naisheng,M
Nikolas,M
Nilratan,M
Nirav,M
Nish,M
Nazir,M
Nigerian,M
Konstantin,M
Sinan,M
Neetendra,M
Naga,M
Nikunj,M
Prentice,M
Nitish,M
Khanh,M
Nidish,M
Graig,M
Tami,M
Nihir,M
Nikesh,M
Zheni,M
Niket,M
Nirbhay,M
Niraj,M
Niren,M
Ashesh,M
Nitin,M
Nitesh,M
Narayanan,M
Nijhad,M
Nan,M
Samba,M
Norbert,M
Nipun,M
Nikoo,M
Natsuki,M
Nabeel,M
Nikolai,M
Nhon,M
Nik,M
Nicolay,M
Natraj,M
Nola,M
Navneesh,M
Nishanth,M
Nikolaos,M
Natael,M
Neanda,M
Nestor,M
Numaan,M
Nino,M
Neema,M
Nalin,M
Noman,M
Rima,M
Nicos,M
Nidheesh,M
Naved,M
Nobuyuki,M
Naganath,M
Norifumi,M
Nirad,M
Niju,M
Nasri,M
Stephan,M
Rodrigo,M
Roy,M
Nimesh,M
Niki,M
Nico,M
Nima,M
Niel,M
Niels,M
Nouman,M
Opeyemi,M
Osie,M
Omri,M
Olivier,M
Julie,M
Oswin,M
Octavio,M
Owain,M
Masashi,M
Yasuko,M
Osaruwense,M
Nassos,M
Akimasa,M
Takanori,M
Oldrich,M
OM,M
Ovadia,M
Osei,M
Aidar,M
Omkar,M
Onyekachi,M
Odumade,M
Olisaeloka,M
Okey,M
Olutayo,M
Oneff,M
Othneil,M
Masafumi,M
Osamitsu,M
Orson,M
Limor,M
Omar Abdul Rahman,M
Oybek,M
Oanh,M
Nita,M
Ogar,M
Oleg,M
Paawan,M
Pany,M
Sameer,M
Parikshit,M
Olaf,M
Pushpinder,M
Ajitabh,M
Lech,M
Mongkol,M
Osho,M
Prashad,M
Prabodh,M
Pranshu,M
Arti,M
Zim,M
Jaimin,M
Bhaven,M
Ram,M
Rajdeep,M
Jasvinder,M
Pardeep,M
Pawan,M
Priyank,M
Punav,M
Prashanth,M
Paa-Ekow,M
Pradeep,M
Pt,M
Prem,M
Pulkit,M
Peng,M
Partha,M
Efren,M
Peeyush,M
Vicente,M
Prince,M
Pieter,M
Moises,M
Helge,M
Chip,M
Lorraine,M
Mervyn,M
Per,M
Tak,M
Wiseley,M
Pandian,M
Puneet,M
Prasad,M
Petr,M
Hermanni,M
Peer,M
Piers,M
Rommel,M
Virgilio,M
Parag,M
Prabhu,M
Premanand,M
Pramit,M
Payal,M
Parmesh,M
Prasanna,M
Preston,M
Pavan,M
Venkata Surya Prakash,M
Takis,M
Palaniappan,M
Phat,M
Paula,M
Carles,M
Poras,M
Puru,M
Patrizio,M
Pavel,M
Pouyan,M
Premnath,M
Porus,M
Punit,M
Sujay,M
Wira,M
Parvinder,M
Prajod,M
Patri Jagadish,M
Prateek,M
Pritesh,M
Priyadarshi,M
Paulo,M
Pravesh,M
Pavan Kumar,M
Pavandeep,M
Pratish,M
Projnabrata,M
Parth,M
Prajit,M
Parul,M
Shivang,M
Pushkar,M
Piush,M
Prathamesh,M
Prashant Kumar,M
Prabal,M
R Prakash,M
Puneeth,M
Praneeth,M
Wilfred,M
Jamshed,M
Pratit,M
Praxedez,M
Praneet,M
Parry,M
Percy,M
Siddhant,M
Srimantha,M
Rajeev,M
Rakesh,M
Rana,M
Rehan,M
Sridhar,M
Rajeshwar,M
Qing,M
Qingli,M
Quy,M
Qin,M
Ran,M
Rashad,M
Sathish,M
Sunitha,M
Senthil,M
Khalil-ur,M
Rawle,M
Sunder,M
Yogendra,M
Sharanya,M
Ramit,M
Srinivasan,M
Rabi,M
Raymund,M
Rehman,M
Rajkumar,M
Jaspal,M
Jananee,M
Ravish,M
Ravishakumar,M
Siddharth,M
Ravendra,M
Rabindra,M
Fazal,M
Ratan,M
Romish,M
Raghav,M
Rathnam,M
Raghu,M
Rowan,M
Roi,M
Ragesh,M
Rajendra,M
Russ,M
Rigel,M
Reiner,M
Ruben,M
Rosario,M
Reece,M
Raffi,M
Ram Charan,M
Ronak,M
Rex,M
Repul,M
Ruomin,M
Rodney,M
Rusmir,M
Stacy,M
Hamish,M
Raynard,M
Roccantonio,M
Rayan,M
R.,M
Ranjithdaas,M
Rog,M
Riki,M
Elaine,M
Charlu,M
Brook,M
Dougal,M
Rommer,M
Romell,M
Raman,M
Rushab,M
Reymond,M
Rushi,M
Runeet,M
Raunaq,M
Rui,M
Rocco,M
Roddy,M
Rayon,M
Reinaldo,M
Ronan,M
Randeep,M
Rajah,M
Raghib,M
Ritche,M
Reuben,M
Rushikesh,M
Razwan,M
Vijaya,M
Enamari,M
Ralf,M
Roshan,M
Simone,M
Suhneel,M
Pai,M
Ravindra,M
Roelf,M
Reji,M
Raakesh,M
Ranjan,M
Ranjeet,M
Radislav,M
Rustem,M
Riaz,M
Rikesh,M
RJ,M
Ruchir,M
Rammi,M
Robby,M
Sriranjani,M
Ramdas,M
Rushabh,M
Ravinder,M
Rolf,M
Robyn,M
Rameez,M
Ruchit,M
Maksim,M
Roelof,M
Reed,M
Ren-Lu,M
Slawomir,M
Shannon,M
Saad,M
Satatdru,M
Sergio Antonio,M
Vsevolod,M
Suchit,M
Sanchit,M
Saugata,M
Sagar,M
Shashwat,M
Saif,M
Yasunobu,M
Sikandar,M
Satera,M
Pervez,M
Sauod,M
Serak,M
Chanchal,M
Sajal,M
Sajan,M
Sahil,M
Sambhav,M
Samar,M
Nevil,M
Sefakor,M
Reynald,M
Rune,M
Chantal,M
Sami,M
Starbuck,M
Selcuk,M
Darrin,M
Sang Hoon,M
Sanjoyo,M
Subbu,M
Sandip,M
Caio,M
Waldy,M
Sandesh,M
Sarthak,M
Kaku,M
Salman,M
Shrikant,M
Satheesh,M
Shinichiro,M
Saud,M
Joss,M
Salil,M
Supreet,M
Sandeeo,M
Shoumit,M
Soham,M
Siddhesh,M
Sach,M
Sushant,M
Sri,M
Sarath,M
Santiago Reyes,M
Satya,M
Srikant,M
Svetlin,M
Swarup,M
Shubham,M
Shah,M
Suzel,M
Sherwyn,M
Sergei,M
Subhojyoti,M
Sohan,M
Sylvester,M
Shrenik,M
Cayman,M
Seung Hwan,M
Sheriden,M
Sarri,M
Sudharshan,M
Seshadri,M
Seetharaman,M
Shae,M
Shaik,M
Forest,M
Shigekazu,M
Stanly,M
Saju,M
Sumeet,M
Sergey,M
Slava,M
Sreeprasad,M
Sanjeevkumar,M
Shayan,M
Soegiono,M
Deep,M
Hemankshi,M
Ravin,M
Sharat,M
Fulton,M
Sharath,M
Mahendra Kumar,M
Deenbandhu,M
Richa,M
Shardul,M
Shoji,M
Keshava,M
Shuvabrato,M
Shakti,M
Shivesh,M
Jiefu,M
Anshuman,M
Daigo,M
Alidod,M
Sebastine,M
Shashank,M
Zain,M
Shonal,M
Shigeo,M
Shoyeb,M
Kaveh,M
Shan,M
Shri,M
Shih-Wei,M
Shivam,M
Shayne,M
Shishir,M
Shuang,M
Raza,M
Siddarth,M
Kari,M
Sidharth,M
Siva,M
Deirdre,M
Juan Emilio,M
Alok Kumar,M
Claudia,M
Hardeep,M
Harmeet,M
Opender,M
Koteswara,M
Melwin,M
Sukhvinder,M
Ujjal,M
Sajid,M
Simeon,M
Shingo,M
Jayakanthan,M
Srinivas,M
Sung Joo,M
Sujit,M
Sanju,M
Sayed,M
Susumu,M
Swarandeep,M
Serge,M
Sudhanshu,M
Sanket,M
Sai,M
Sung,M
Shubhada,M
Srihari,M
Subash,M
Sivaraman,M
Vithal,M
Shay,M
Shani Dev,M
Suchithra,M
Shaolin,M
Sugandharaj,M
Sreenivas,M
Odracir Sidney,M
Shiva,M
Sreeman,M
Shin,M
Shuichi,M
Shivendra,M
Scot,M
Srivatsav,M
Stanko,M
Kev,M
Siddhartha,M
Sulabh,M
Santiago,M
Stephane,M
Srinivasalu,M
Sharif,M
Satinath,M
Simi,M
Subramanyam,M
Srini,M
Skyler,M
Sakae,M
Sola,M
Sourabh,M
Herschel,M
Xin,M
Peri,M
Souvik,M
Soju,M
Ting,M
Lilly,M
Sudhindra,M
Mybrid,M
Shubhankar,M
Sajith,M
Shubhendu,M
Petro,M
Steffen,M
Sriraman,M
Sudipta,M
Siba,M
Sateesh,M
Kellen,M
Sandipan,M
Savio,M
Shariff,M
Satyajeet,M
Stevland,M
Satyen,M
Soutrik,M
Shashi,M
Samanth,M
Shahzad,M
Shaan,M
Shivkumar,M
Somesh,M
Sriram,M
Ananda,M
Ganesan,M
Stefen,M
Soren,M
Shubhajit,M
Saj,M
Srinibash,M
Sanjoga,M
Sathya,M
Shotaro,M
Sasha,M
Sky,M
Shore,M
Shuai,M
Sampat,M
Sandro,M
Swetabh,M
Som,M
Sukhbir,M
Shriram,M
Sudhakar,M
Sherwin,M
Seiho,M
Siddesh,M
Satendra,M
Ingersoll,M
Shireen,M
Manus,M
Wes,M
Harriet,M
Theo,M
Subasish,M
Archie,M
Stefanos,M
Subramanian,M
Sudhir,M
Sundareshwaran,M
Sujeev,M
Sujeet,M
Chang Hwan,M
Rahim,M
Suresh Kumar,M
Sukhbani,M
Suman,M
Sushil,M
Sushmit,M
Suneeth,M
Suanjin,M
Suvrat,M
Xiaoqiang,M
Takayuki,M
Yoji,M
Santhanakrishnan,M
Surya,M
Sara,M
Swanand,M
Swatantra,M
Sheng,M
Srinivasa,M
Shamail,M
Shanggang,M
Tibor,M
Tarun,M
Tufail,M
Yasuyuki,M
Hideki,M
Masashige,M
Universo,M
Yasuhiko,M
Yoichi,M
Jasbir,M
Hajime,M
Tae Hong,M
Tokunboh,M
Taimur,M
Masood,M
Toshinobu,M
Troels T.,M
Varinder,M
Sanjai,M
Chunhua,M
Tk,M
Thadani,M
Jek Leng,M
Taranjeet,M
Puay Lit,M
Taranpreet,M
Taison,M
Marv,M
T.J.,M
Tapan,M
Ty,M
Ennis,M
Tomislav,M
Tom Haas,M
Thiraphat,M
Taranjit,M
Tiau Leong,M
Nam,M
Zhaoyi,M
Yoshiyuki,M
Chounan,M
Kajan,M
Taylor,M
Tapas,M
Tejas,M
Timo,M
Tri,M
Truman,M
Thrivikram,M
T. Edwin,M
Simplicio,M
Han Wei,M
Teflon,M
Tukaram,M
Tanvir,M
Tofiq,M
Tyrone,M
Takehiro,M
Tanir,M
Perkins,M
Tobias,M
Roel,M
Thang,M
Lyall,M
Taishi,M
Tam,M
Takeharu,M
Kyaw kyaw,M
TJ,M
Tor,M
Trevis,M
Tomohiro,M
Talal,M
Tabrez,M
Tomohiko,M
Tai,M
Tat-Wah,M
Thomasz,M
Tallal,M
Tadahiro,M
Tao,M
Thiloshni,M
Tanmay,M
Tu,M
Thi,M
Taffi,M
Tateo,M
Lindsay,M
Tadashi,M
Terrance,M
Thales,M
Joah,M
Tianyi,M
Reinold,M
Thilak,M
Canh,M
Carol,M
Trung,M
Priya,M
Tri Phu,M
Trez,M
Toshimichi,M
Taijiro,M
Til,M
Takaya,M
Tiberio,M
Oleksii,M
Shuntaro,M
Mayumi,M
Terumasa,M
Noriyuki,M
Tian Loon,M
Tatsuhiro,M
Tylon,M
Tadayuki,M
Chico,M
Toshio,M
Atholl,M
Anne-Marie,M
Tian,M
Tetsuo,M
Tristan,M
Uma,M
Kunihiro,M
Unjoo,M
Ulises,M
Udai,M
Udit,M
Ulysses,M
Gangadharan,M
Udhaya,M
Uros,M
Utpal,M
Upamanyu,M
Umesh,M
Ualtar,M
Upendra,M
Utkarsh,M
Ulrick,M
Vikram,M
Viral,M
Vasantha,M
Vedant,M
Madhan,M
Evariste,M
Zubair,M
Vik,M
Vikas,M
Vasanth,M
Marko,M
Ushio,M
Garret,M
Velsamy,M
Varun Kumar,M
Yessica,M
Preethi,M
Viktorio,M
Vlad,M
Vurimi,M
Vasileios,M
Vamshi,M
Vinicius,M
Vicky,M
Virat,M
Vadim,M
Vahe,M
Van,M
Vibhor,M
Vijeet,M
Vikesh,M
VIkash,M
Vinil,M
Vipan,M
Virendra,M
Vipin,M
Venkatesh,M
Vipul,M
Vishnu,M
Vakada,M
Venkatesh (Tesh),M
Vinnie,M
Vamsi,M
Vab,M
Vishrut,M
Vaishampayan,M
Vahan,M
Vilma,M
Vinod Kumar,M
Vasanth Rao,M
Varin,M
Veasna,M
Venugopal,M
Velu,M
Vinodh,M
Vilmos,M
Vijendra,M
Vibhat,M
Vishvasa,M
Vivan,M
Vidhan,M
Vandy,M
Vero,M
Vu,M
Vishnusharma,M
Vijai Anandh,M
Vikrant,M
Vinamra,M
Vishwanath,M
Morry,M
Amandeep,M
Wai-Kei,M
Wallace,M
Sunni,M
Waqas,M
Li,M
Schvelle,M
Waq,M
Sayako,M
Geir,M
Weldu,M
Wrangel,M
Weng Cheong,M
Wei Siong,M
Wei,M
Wendell,M
Wern,M
Walid,M
Chih-Po,M
Darien,M
Waik,M
Wardhaman,M
Willis,M
Wolfgang,M
Alpa,M
Brooke,M
Michaela,M
Nikolaus,M
Wissam,M
Weston,M
Weng Keong,M
Wandile,M
Darek,M
Wally,M
Choi Yee,M
Wadud,M
Till,M
Sander,M
Yan Nico,M
Wenjun Austin,M
Xiaobo,M
Xiaomeng,M
Xinwei,M
XJ,M
Xiao,M
Xiaoyu,M
Xun,M
Wenjin,M
Yanzhong,M
Xia Hui,M
Tomer,M
Harumi,M
Miwaka,M
Tomoatsu,M
Ravi Krishna,M
Yasser,M
Sung Nak,M
Naomi,M
Yaomin,M
Jaikumar,M
Yan,M
Yassine,M
Yves,M
Yeu,M
Yi Xiang,M
Yi Rui,M
Yovan,M
York,M
Yu,M
Ye,M
Sreedhar,M
Kin Bon,M
Yibo,M
Yuuki,M
Yasuhiro,M
Yogen,M
Yusuke,M
Yui,M
Young Han,M
Yasuto,M
Yousuf,M
Yida,M
Yiping,M
Yifei,M
Yi,M
Yong,M
Yannis,M
Yatin,M
Yashavantha,M
Yufei,M
Yoshihiro,M
Yuichi,M
Yuhao,M
Young Un,M
Younghun,M
Abishnan,M
Yoon Ho,M
Varoeun,M
Yasuharu,M
Toshiki,M
Aden,M
Kelwin,M
Yessin,M
Yakov,M
Yaseen,M
Yang,M
Ythier,M
Yaismanuel,M
Yiqiao,M
Yutaka,M
Yijie,M
Youssef,M
Yee,M
Yu-Chia,M
Yutaro,M
Yue Ming,M
Yuchen,M
Yaron,M
Yonggang,M
Yosvany,M
Yevgen,M
Ahmar,M
Zia,M
Sazali,M
Zheng Xiang,M
Spyro,M
Zameer,M
Zheng,M
Zac,M
Bin,M
Zafrhan,M
Ziyad,M
Zvi,M
Damu,M
Chao,M
Zuogang,M
Shuguang,M
Zhi,M
Zhipeng,M
Zhao,M
Zabeer,M
Zhan,M
Ziwu,M
Bryon,M
Zeeshan,M
Zuofan,M
Zhe,M
Xuan,M
Zunail,M
Zeynep,M
Zitu,M
Hannes,M
Nikola,M
Zane,M
Zenith,M
Zor,M
Zhanyu,M
Zlatimir,M
Zaffar,M
Zhigang,M
Ziyao,M
Zev,M
Zhiran,M
Sourav,M
Jaskirat,M
Harsimranjit,M
Paramvir,M
Zhuoyu,M
Yike,M
Yoav,M
Mudit,M
Salleh,M
Katsuyuki,M
Wildon,M
Namit,M
Raaj,M
Prothit,M
Ban,M
Maximilian,M
Wojciech,M
Jeffy,M
Ryota,M
Nimit,M
ARUN RAJU,M
Kshitij,M
Howell,M
Aqib,M
Razlan,M
Abdullah,M
Tepo,M
Tapojyotee,M
Yagnesh,M
Desai,M
Deri,M
Zabe,M
Nieves,M
Manan,M
Mobinder,M
Toyosi,M
Bharath,M
Mallikarjun,M
Indrasish,M
Weijian,M
Arshdeep,M
Sea Jin,M
Kalyan,M
Suyash,M
Kunderp,M
Rohin,M
Maanas,M
Somosubhra,M
Mahammad,M
Neev,M
Ankitesh,M
Ambuj,M
Deepanshu,M
Lubet,M
Alonso,M
Manrique,M
Iker,M
Shrikrishna,M
Colby,M
Josue,M
Dikerson,M
Om,M
Anindo,M
Paul Tristan,M
Balkishan,M
Valeri,M
Han Hui,M
Sashank,M
Rajaneesh,M
Naghanraj,M
Yuvraj,M
Tanil,M
Toni,M
Quinn,M
Navid,M
Johann,M
Arya,M
Flack,M
Pawel,M
Kel vin,M
Jayme,M
CY,M
Thira,M
Rushil,M
Janak Singh,M
Dasthagiri,M
Saket,M
Yuming,M
Lijun,M
Se,M
O'Dalaigh,M
Brijesh,M
Parin,M
Malek,M
Sabri,M
Bradlee,M
Stephon,M
Niklas,M
Marius,M
Dusan,M
Kirk,M
Kazumi,M
Axel,M
Ramiz,M
Ruairi,M
Jinesh,M
Ryder,M
Horace,M
Kejia,M
Lazaro,M
Djeneba,M
Supreeth,M
Smridh,M
Faiq,M
Barney,M
Anchit,M
Miro,M
Galo,M
Zola,M
Dhammika,M
Nilay,M
Fubo,M
Moosa,M
Sina,M
Naman,M
Enrique,M
Saagar,M
Riken,M
Veeral,M
Amedeo,M
Younis,M
Azam,M
Ebenezer,M
Arjav,M
Kanit,M
Masanori,M
Masatoshi,M
Leopoldo,M
Nash,M
Ataru,M
Daseul,M
Romaine,M
Kok Weng,M
Kuan Swee,M
Mir,M
Micheal,M
Adamson,M
Obaidulla,M
Tihomir,M
Navmeet,M
Sakthi,M
ZJ,M
Jugal,M
Neelendra,M
Rasmus,M
Adesh Kumar,M
Pierce,M
Gehan,M
Sajag,M
Akashdeep,M
Vamana,M
Roopam,M
Siyaram,M
Aman,M
Yeathish,M
Saurav,M
Adnan Mohammad,M
Easa Mohammad,M
Viraj,M
Dalgan,M
Yudi,M
Saeed,M
Subrata,M
Ananya,M
Tarek,M
Alasdair,M
JianRong,M
Baisheng,M
Augustin,M
Tommy,M
Tomoji,M
Vishant,M
Tanooj,M
Shagun,M
Jenson,M
Akifumi,M
Arshad,M
Asao,M
Yomal,M
Ashwani,M
Christiano,M
Caleb,M
Holt,M
Kwame,M
Seong,M
Shao,M
Sassan,M
Bowen,M
Quaint,M
Caiser,M
Jack Lord,M
Uzair,M
Kapusta,M
Ashok Kumar,M
Wasi,M
Abhinit,M
Amanpreet,M
MD. Mosharraf,M
Manindra,M
Bromley,M
Padmavathi,M
Vikhil,M
Yomi,M
Shalih,M
Demetrius,M
SriRangaPrasadRaju,M
Jasjeev,M
Parinay,M
Devesh,M
Jana,M
Tuan,M
Manal,M
Keene,M
Sanjoy,M
Rama Chandra Reddy,M
Rikeshkumar,M
Andrei Cristian,M
Koryu,M
Xiaochong,M
Akshai,M
Mohammed Vikar,M
Paola,M
Venkata Rahul,M
Eimer,M
Zaher,M
Vijayraj,M
Hua,M
Jensen,M
Dimitar,M
Shusuke,M
Venkateshwaran,M
Arne,M
Vijayendra,M
Mukesh Kumar,M
Ragheed,M
Ani,M
Jilji,M
Ali Salim,M
Arnoud,M
Evanx,M
Marqus,M
Kwai Sing,M
Dinesh Kumar,M
Pratyush,M
Sukhmeet,M
Mayokun,M
LeAnthony,M
Harshavardhan,M
Sanidhya,M
Ting Fung,M
Efstratios,M
Julia,M
Dominico,M
Zhiyi,M
Naz,M
Tobi,M
Arni,M
Fergal,M
Badru,M
Louise,M
Wen,M
Sriprakash,M
Yasuaki,M
Garett,M
Kyohei,M
Krishan,M
Libin,M
Aritra,M
Vikasa,M
Manminder,M
Valentine,M
Tohru,M
Quindell,M
Geovannie,M
Lu,M
Parswa,M
Binjie,M
Mu,M
Devine,M
Devindra,M
Yegor,M
Lakshay,M
Chandrapaul,M
Owais,M
deven,M
Harshit,M
Giffert,M
Taryn,M
Ming Tat,M
Kwok Ming,M
Wai Kin,M
Rahat,M
Yunus,M
Ambikesh Nath,M
Adish,M
MOHD IQBAL,M
Deenyeh,M
Marvin Timbal,M
Matte,M
Basim,M
Koraldo,M
Raushan,M
Petros,M
Dakota,M
John-Peter,M
Teruhiro,M
Dashrath Singh,M
Miomer Pahilan,M
Yusaku,M
Sauvik,M
Venkateswara,M
Yuxia,M
Dong Bin,M
Sampiseth,M
Michael Ivan,M
Ericson,M
Romain,M
Devvrat,M
GANESH KUMAR,M
Ruslan,M
Jin Hui,M
Kashish,M
Urs,M
Abenezer,M
Yoshitomo,M
Yu Jin,M
Ajanthan,M
Jnanesh,M
Apoorv,M
Sandeep Shridhar,M
Srishti,M
Iart,M
Jean Christophe,M
JAMES,M
Kajendran,M
Euan,M
Hacho,M
Anis,M
Jakub,M
Jean-Eric,M
Raleigh,M
Rami,M
Prentiss,M
Lam,M
Krasimir,M
Mikas,M
Arnulfo,M
Evgueni,M
Akio,M
Inderpal,M
KAMLESH,M
MANVEER,M
Sonu,M
SHASHIKANT,M
SATISH,M
RAVI,M
Zainan,M
Ashraf,M
Johanes,M
Costel,M
Brij,M
Sufiani,M
Letchumanan,M
JP,M
Natanel,M
Tabitha,M
Fernandez Girado,M
Vasilis,M
Lukosz,M
Ekaitz,M
Deverow,M
Jeraud,M
Georgios,M
Avery,M
Benito,M
Dioniris,M
Jihad,M
Benji,M
Lishuai,M
Monte,M
Tymoteusz,M
Delimay,M
Antar,M
Rand,M
Tamas,M
Smilyan,M
Jaquan,M
Lal Mohan,M
Vimal,M
Nathu,M
Sarvesh,M
Mateuz,M
Ara,M
Uttam,M
Swaran,M
Subodh,M
Subhash,M
SHEETAL,M
Hipolito,M
Torin,M
Juan Carlos,M
An,M
Hermenigildo,M
Manjula,M
Aydon,M
Marquis,M
Myles,M
Humberto,M
Dilwar,M
Digambar,M
Jagdaman,M
"Jason, Jaewoo",M
Blajez,M
Shigeru,M
Babu,M
Mahender,M
Omveer,M
Sarat,M
Jonatan,M
Aigars,M
Thilo,M
Melvyn,M
Kartek,M
Utmeet,M
Franci,M
Frank T.,M
Abey,M
Davion,M
Robert James,M
Miroslaw,M
Shuo Hao,M
mateusz,M
Ruairidh,M
Innas,M
Bhupender,M
Wenbin,M
Kanhaiya,M
Lal,M
Manveer,M
Mithlesh,M
Sher,M
Sugam,M
Jermaine,M
Etsuo,M
Mitsuaki,M
Mars,M
Juan Martin,M
Diego Correia,M
Johnson,M
Frangis,M
Shinya,M
Mitsuru,M
Hammaad,M
Kishavan,M
Siddiqui,M
Keon,M
Raghunathan,M
Marjess,M
Greg David,M
Michael Xin Hong,M
Billy Ding Xuan,M
Columbus,M
Arik,M
Johanny,M
Placide,M
Colombus,M
Kamaljeet,M
aMRISH,M
Munesh,M
Surjeet,M
Ondrej,M
Rodan,M
Carison,M
Rudi,M
Mishra,M
Ya ya,M
Rabjot,M
Heng,M
Dara,M
Hanumanth,M
Kazuma,M
Takaharu,M
Derren,M
Mayer,M
Yemi,M
Tyree,M
Basel,M
Serginio,M
Giacomo,M
Sulaiman,M
Lemmy,M
Man,M
Ratheesh Sasidharan,M
Lamontt,M
Kip,M
Rodriguez,M
Jiayu,M
Akshaan,M
Herdino,M
Antwine,M
Shengwei,M
Aakarsh,M
Kamil,M
Barsendu,M
Kamlesh,M
Qaisar,M
Eriald,M
Agis,M
Sebastien,M
Hoang,M
Vijit,M
Dirceu,M
Haojiang,M
Mark Hiroyuki,M
Sabu,M
Stelios,M
Ousseynon,M
Rajib,M
Yacine,M
Dexter,M
Coskun,M
Roey,M
Koichi,M
Aimen,M
Aron,M
Deja,M
Gourav,M
Upenyu,M
Nirjan,M
Ibrahima,M
Taufiqullah Bin Mohd,M
Borja,M
Erich,M
Jag,M
Iman,M
Ricco,M
Eshank,M
Anchi,M
Gus,M
Asim,M
Raheel,M
Jemy,M
Chung,M
Shaleem,M
Yordy,M
Byungwoo,M
Marquez,M
Vatsal,M
Demos,M
Guglielmo,M
Michiel,M
Ruggero,M
Kit,M
Masakatsu,M
Sergiusz,M
Borislav,M
Valerio,M
Leong Hong,M
Abayomi,M
Sung Jin,M
Dominik,M
Faizal,M
Milen,M
Ramsey,M
Parvesh,M
Marjo,M
Mate,M
Fangyi,M
Petar,M
Miriam,M
Abhijith,M
Doshi,M
Bajari,M
Jannik,M
Abbas,M
Octavian,M
Khamal,M
Kaval,M
Luhit,M
Rammilan,M
Vibek,M
Vijayshankar,M
Ang Xuan Emanuel,M
ChengHao,M
Chi Kong,M
J. Allen,M
Subhamoy,M
Amlandeep,M
Maheer,M
Tanaka,M
Haoming,M
Githui,M
Toure,M
Vrutant,M
Zhen,M
Conson,M
Naohito,M
Mirko,M
John-Green,M
Eleftherios,M
Rosil-Bin,M
Dinghui,M
Ronny,M
Sagar J,M
Jalpesh V,M
Haseeb,M
Namjeong,M
Maxwell,M
Christopher John,M
Anant,M
Rebecca,M
Nikos,M
Teppei,M
Katsuhiro,M
CHET,M
Ashwinkarthik,M
Faousi,M
Diarmaid,M
Gutsan,M
Thad,M
Rafik,M
Naguib,M
Min Soo,M
Wazeer,M
Jamir,M
Sinead,M
Melake,M
Dimitris,M
Nageswara,M
Gajanan,M
Lasly,M
Devendra,M
Sheldon,M
Emery,M
Manav,M
Aniceto,M
Seamus,M
Khoa,M
Chandler,M
K. R. V.,M
Uday,M
JC,M
Ren,M
The Earl,M
Nowaf,M
Wheatley,M
Gowtham Babu,M
Kritika,M
Koduri,M
Tathagat,M
A.J.,M
Roni,M
Eyal,M
Deven,M
Cary,M
Kim,M
Gilberto,M
Rajasrinivas,M
Alexandr,M
Kristofer,M
Satheeshna,M
Yichen,M
Chiwei,M
Loveneet,M
Tahmid,M
Rondell,M
Wahid,M
Imtiyaz,M
Wenbi,M
Miodrag,M
Taskin,M
Shrivaas,M
Raisul,M
Samrat,M
Mohan Chand,M
Kendrick,M
Pantelis,M
Daheng,M
Venkata Karthik,M
Weisi,M
Tornike,M
Sung H.,M
Jayanto,M
Anadi,M
Qasim,M
Kwaku,M
Manolo,M
Yogesh Mohanlal,M
Caquan,M
Dyllon,M
Ysais,M
Prian,M
Kadian,M
Hassaan,M
Guilin,M
Antonios,M
Pushparaj,M
Fengge,M
Munis,M
Revin George,M
Darian,M
Poornachandar,M
Shahrizan,M
Tyrel,M
Hrachya,M
Amer,M
Elvinas,M
Raxit,M
Mohammed Faiz,M
Jameson,M
GAURAV,M
Keval,M
Teck Chye,M
Curtilius,M
Lisha,M
Balazs,M
Harkirat,M
Sanchi,M
Shrishail,M
Mahmoud,M
Henrico,M
Sahraj,M
MANI,M
Novil,M
Sharan,M
Darnell,M
Franz,M
Chune Loong,M
Wing Honn,M
Lew Song,M
Gren,M
De,M
Shipeng,M
Donny,M
Cuello,M
Kana,M
Vittorio,M
Nikolay,M
Mandish,M
Suhaib,M
Garfield,M
Gianmarco,M
Jun-Mok,M
Dawid,M
Cyriac,M
Keze,M
Wilfried,M
Wilbert,M
Renee,M
Nasir,M
Asmeret,M
Pavanjeet,M
Yann,M
Jonas,M
U,M
Torben,M
Shivashankar,M
Chee Mun,M
Danyal,M
Mahyar,M
Hayden,M
Bhargav,M
Vipin Kumar,M
Rahaath,M
Adhokshaj,M
Tatsuro,M
Daiki,M
Ramesh/B,M
Keavin,M
Hakan,M
Chancy,M
Emranur,M
Tyson,M
Cyprien,M
Merlin,M
Kudzie,M
Aisling,M
KRISHNA KISHORE,M
Francois,M
Kristoffer,M
Almameh,M
Virender Singh,M
Brahma,M
Harjot,M
Pranit,M
Mushtaq,M
PJ,M
Archit,M
Subham,M
Brady,M
Abul,M
Szymon,M
Atsuro,M
Glyn,M
Laxman,M
Yury,M
Brigham,M
Takehisa,M
Arnab,M
Talha,M
Muiris,M
Mohammad S,M
Rony,M
Milique,M
Sangramjeet,M
Swernim,M
Ahteshamuddin,M
Zakary,M
Tyron,M
Likhit,M
Jassie,M
Nicky,M
Balachandar,M
Shanmuga Sundaram,M
Invernizzi,M
Teodora,M
Josephus,M
MJ,M
Sharvan,M
Vidur,M
Yue,M
Dawit,M
Abdourahamane,M
Essam,M
Amindi,M
Lonnie,M
Bhavya,M
Raylen,M
Shyamkumar,M
Healy,M
Shrey,M
Satvik,M
Raghava Raju,M
Helmut,M
Sukruth,M
Espen,M
Arimasa,M
Hideyuki,M
Subramani,M
Jogendra S,M
Jahmeel,M
Solikin,M
Harshal,M
Rajohne,M
Vinesh,M
Nnamdi,M
Shaurya,M
Sharang,M
Omeed,M
Proneet,M
Kumayl,M
Sailesh,M
Themba,M
Makhtar,M
Waseem,M
Naseer,M
Shazir,M
Simba,M
Matheus,M
Jonah,M
Yishun,M
Jinyang,M
Bryson,M
Chase,M
Melody,M
Ramin,M
Gurik,M
Shaquille,M
Houston,M
Tianlin,M
Jonny,M
Alaa,M
Kayvon,M
Yian,M
Akos,M
Jouni,M
Nihar,M
Abhranil,M
Pranil,M
Nirmal,M
Jiteshkumar,M
Pierre-Yves,M
Ranganath,M
Mahantesh,M
Adithya,M
Zacharfy,M
Vaseem,M
Hanoze,M
Mulgund,M
Karthikeyan,M
Angshuman,M
Mateus Caniato,M
Marvelus,M
Ishant,M
Olanrewaju,M
Vignesh,M
Sukumar,M
Tahaur,M
Demarcus,M
Ranjeeth,M
Muralidhar,M
Nama Raj,M
Chaitali,M
Divy,M
Fredy,M
Keshav,M
Sayuj,M
Akram,M
Tantia,M
Vishwajeet,M
Sarang,M
Brahmanand,M
Damodar,M
Manjeet,M
Kudalsangamesh,M
Kuldeepak,M
Lagnajit,M
Vithish,M
Abishek,M
Santhosh,M
Michael Joseph,M
Deepali,M
Tristram Alfred,M
Kawaljeet,M
Elvin Patrick,M
Truc,M
Edilberto,M
Jan Benedic,M
Akhtar,M
Sanghyun,M
Dong Jun,M
Yong Jae(Edward),M
Hamish William,M
Pranay,M
Kazuki,M
Ruiyang,M
Cheuk Yiu (Edmund),M
Mohammad Saqib,M
Soohyung,M
Glenn Michael,M
Heubner Mark Reiner,M
Ramon Christian,M
Lucky,M
Jafar,M
Naveeen,M
Pallavi,M
Yu Chern,M
Vedaanth,M
Devdeep,M
Sumith,M
Test User,M
Kristiyan,M
Nihaar,M
Joh Hann,M
Mohsin,M
Razvan-Gabriel,M
Gao Jun,M
Devang,M
Juan Julian,M
Vito,M
Esrom,M
Bohan,M
Qassim,M
Lide,M
Cosme,M
Varoon,M
Mohamad,M
Edina,M
Rupak,M
Marsen,M
VIVEK,M
Yosof,M
Srinath,M
Aldo,M
Meet,M
Zaid,M
Sneha,M
Asharul,M
Yoshiro,M
Matti,M
Jing,M
Devrat,M
Derby,M
Sanveer,M
Jurrien,M
Garrette,M
Shanil,M
Othman,M
Simron,M
Csaba,M
Jam,M
Joar,M
Abel,M
Marc-Philippe,M
Flurin,M
Taymour,M
